[{"url":["https://api.github.com/repos/pmbaumgartner/excelify/issues/1"],"repository_url":["https://api.github.com/repos/pmbaumgartner/excelify"],"labels_url":["https://api.github.com/repos/pmbaumgartner/excelify/issues/1/labels{/name}"],"comments_url":["https://api.github.com/repos/pmbaumgartner/excelify/issues/1/comments"],"events_url":["https://api.github.com/repos/pmbaumgartner/excelify/issues/1/events"],"html_url":["https://github.com/pmbaumgartner/excelify/issues/1"],"id":[294229655],"node_id":["MDU6SXNzdWUyOTQyMjk2NTU="],"number":[1],"title":["Check length of object name before export"],"user":{"login":["pmbaumgartner"],"id":[5107405],"node_id":["MDQ6VXNlcjUxMDc0MDU="],"avatar_url":["https://avatars1.githubusercontent.com/u/5107405?v=4"],"gravatar_id":[""],"url":["https://api.github.com/users/pmbaumgartner"],"html_url":["https://github.com/pmbaumgartner"],"followers_url":["https://api.github.com/users/pmbaumgartner/followers"],"following_url":["https://api.github.com/users/pmbaumgartner/following{/other_user}"],"gists_url":["https://api.github.com/users/pmbaumgartner/gists{/gist_id}"],"starred_url":["https://api.github.com/users/pmbaumgartner/starred{/owner}{/repo}"],"subscriptions_url":["https://api.github.com/users/pmbaumgartner/subscriptions"],"organizations_url":["https://api.github.com/users/pmbaumgartner/orgs"],"repos_url":["https://api.github.com/users/pmbaumgartner/repos"],"events_url":["https://api.github.com/users/pmbaumgartner/events{/privacy}"],"received_events_url":["https://api.github.com/users/pmbaumgartner/received_events"],"type":["User"],"site_admin":[false]},"labels":[],"state":["closed"],"locked":[false],"assignee":{},"assignees":[],"milestone":{},"comments":[1],"created_at":["2018-02-04T20:53:35Z"],"updated_at":["2018-02-04T22:08:35Z"],"closed_at":["2018-02-04T22:08:35Z"],"author_association":["OWNER"],"body":["Excel has a limit on the name of the sheet length (32 chars). Pandas will check for this and error, but we should catch it too and warn the user.\r\n\r\n`Exception: Excel worksheet name 'series_without_filename_20180204-154225' must be <= 31 chars.`"]}]
