[{"url":["https://api.github.com/repos/pmbaumgartner/Python-for-SAS-Users/issues/2"],"repository_url":["https://api.github.com/repos/pmbaumgartner/Python-for-SAS-Users"],"labels_url":["https://api.github.com/repos/pmbaumgartner/Python-for-SAS-Users/issues/2/labels{/name}"],"comments_url":["https://api.github.com/repos/pmbaumgartner/Python-for-SAS-Users/issues/2/comments"],"events_url":["https://api.github.com/repos/pmbaumgartner/Python-for-SAS-Users/issues/2/events"],"html_url":["https://github.com/pmbaumgartner/Python-for-SAS-Users/issues/2"],"id":[208918553],"node_id":["MDU6SXNzdWUyMDg5MTg1NTM="],"number":[2],"title":["Notebook render issue"],"user":{"login":["pmbaumgartner"],"id":[5107405],"node_id":["MDQ6VXNlcjUxMDc0MDU="],"avatar_url":["https://avatars1.githubusercontent.com/u/5107405?v=4"],"gravatar_id":[""],"url":["https://api.github.com/users/pmbaumgartner"],"html_url":["https://github.com/pmbaumgartner"],"followers_url":["https://api.github.com/users/pmbaumgartner/followers"],"following_url":["https://api.github.com/users/pmbaumgartner/following{/other_user}"],"gists_url":["https://api.github.com/users/pmbaumgartner/gists{/gist_id}"],"starred_url":["https://api.github.com/users/pmbaumgartner/starred{/owner}{/repo}"],"subscriptions_url":["https://api.github.com/users/pmbaumgartner/subscriptions"],"organizations_url":["https://api.github.com/users/pmbaumgartner/orgs"],"repos_url":["https://api.github.com/users/pmbaumgartner/repos"],"events_url":["https://api.github.com/users/pmbaumgartner/events{/privacy}"],"received_events_url":["https://api.github.com/users/pmbaumgartner/received_events"],"type":["User"],"site_admin":[false]},"labels":[],"state":["open"],"locked":[false],"assignee":{},"assignees":[],"milestone":{},"comments":[0],"created_at":["2017-02-20T15:54:59Z"],"updated_at":["2017-02-20T15:54:59Z"],"closed_at":{},"author_association":["OWNER"],"body":["![screen shot 2017-02-20 at 10 54 22 am](https://cloud.githubusercontent.com/assets/5107405/23132262/03bdbb70-f75b-11e6-93bd-a219b47e80ef.png)\r\n"]},{"url":["https://api.github.com/repos/pmbaumgartner/Python-for-SAS-Users/issues/1"],"repository_url":["https://api.github.com/repos/pmbaumgartner/Python-for-SAS-Users"],"labels_url":["https://api.github.com/repos/pmbaumgartner/Python-for-SAS-Users/issues/1/labels{/name}"],"comments_url":["https://api.github.com/repos/pmbaumgartner/Python-for-SAS-Users/issues/1/comments"],"events_url":["https://api.github.com/repos/pmbaumgartner/Python-for-SAS-Users/issues/1/events"],"html_url":["https://github.com/pmbaumgartner/Python-for-SAS-Users/issues/1"],"id":[97536205],"node_id":["MDU6SXNzdWU5NzUzNjIwNQ=="],"number":[1],"title":["Row / Col % in crosstabs"],"user":{"login":["pmbaumgartner"],"id":[5107405],"node_id":["MDQ6VXNlcjUxMDc0MDU="],"avatar_url":["https://avatars1.githubusercontent.com/u/5107405?v=4"],"gravatar_id":[""],"url":["https://api.github.com/users/pmbaumgartner"],"html_url":["https://github.com/pmbaumgartner"],"followers_url":["https://api.github.com/users/pmbaumgartner/followers"],"following_url":["https://api.github.com/users/pmbaumgartner/following{/other_user}"],"gists_url":["https://api.github.com/users/pmbaumgartner/gists{/gist_id}"],"starred_url":["https://api.github.com/users/pmbaumgartner/starred{/owner}{/repo}"],"subscriptions_url":["https://api.github.com/users/pmbaumgartner/subscriptions"],"organizations_url":["https://api.github.com/users/pmbaumgartner/orgs"],"repos_url":["https://api.github.com/users/pmbaumgartner/repos"],"events_url":["https://api.github.com/users/pmbaumgartner/events{/privacy}"],"received_events_url":["https://api.github.com/users/pmbaumgartner/received_events"],"type":["User"],"site_admin":[false]},"labels":[],"state":["open"],"locked":[false],"assignee":{"login":["pmbaumgartner"],"id":[5107405],"node_id":["MDQ6VXNlcjUxMDc0MDU="],"avatar_url":["https://avatars1.githubusercontent.com/u/5107405?v=4"],"gravatar_id":[""],"url":["https://api.github.com/users/pmbaumgartner"],"html_url":["https://github.com/pmbaumgartner"],"followers_url":["https://api.github.com/users/pmbaumgartner/followers"],"following_url":["https://api.github.com/users/pmbaumgartner/following{/other_user}"],"gists_url":["https://api.github.com/users/pmbaumgartner/gists{/gist_id}"],"starred_url":["https://api.github.com/users/pmbaumgartner/starred{/owner}{/repo}"],"subscriptions_url":["https://api.github.com/users/pmbaumgartner/subscriptions"],"organizations_url":["https://api.github.com/users/pmbaumgartner/orgs"],"repos_url":["https://api.github.com/users/pmbaumgartner/repos"],"events_url":["https://api.github.com/users/pmbaumgartner/events{/privacy}"],"received_events_url":["https://api.github.com/users/pmbaumgartner/received_events"],"type":["User"],"site_admin":[false]},"assignees":[{"login":["pmbaumgartner"],"id":[5107405],"node_id":["MDQ6VXNlcjUxMDc0MDU="],"avatar_url":["https://avatars1.githubusercontent.com/u/5107405?v=4"],"gravatar_id":[""],"url":["https://api.github.com/users/pmbaumgartner"],"html_url":["https://github.com/pmbaumgartner"],"followers_url":["https://api.github.com/users/pmbaumgartner/followers"],"following_url":["https://api.github.com/users/pmbaumgartner/following{/other_user}"],"gists_url":["https://api.github.com/users/pmbaumgartner/gists{/gist_id}"],"starred_url":["https://api.github.com/users/pmbaumgartner/starred{/owner}{/repo}"],"subscriptions_url":["https://api.github.com/users/pmbaumgartner/subscriptions"],"organizations_url":["https://api.github.com/users/pmbaumgartner/orgs"],"repos_url":["https://api.github.com/users/pmbaumgartner/repos"],"events_url":["https://api.github.com/users/pmbaumgartner/events{/privacy}"],"received_events_url":["https://api.github.com/users/pmbaumgartner/received_events"],"type":["User"],"site_admin":[false]}],"milestone":{},"comments":[1],"created_at":["2015-07-27T19:21:32Z"],"updated_at":["2016-12-16T14:04:06Z"],"closed_at":{},"author_association":["OWNER"],"body":["Figure out how to to crosstabs with row and column percentages, similar to `PROC FREQ` with `TABLES`\n"]}]
