[{"url":["https://api.github.com/repos/pmbaumgartner/Syntax/issues/1"],"repository_url":["https://api.github.com/repos/pmbaumgartner/Syntax"],"labels_url":["https://api.github.com/repos/pmbaumgartner/Syntax/issues/1/labels{/name}"],"comments_url":["https://api.github.com/repos/pmbaumgartner/Syntax/issues/1/comments"],"events_url":["https://api.github.com/repos/pmbaumgartner/Syntax/issues/1/events"],"html_url":["https://github.com/pmbaumgartner/Syntax/pull/1"],"id":[390727542],"node_id":["MDExOlB1bGxSZXF1ZXN0MjM4NDI4MDgy"],"number":[1],"title":["Correct links to previous episodes - Ep 100"],"user":{"login":["pmbaumgartner"],"id":[5107405],"node_id":["MDQ6VXNlcjUxMDc0MDU="],"avatar_url":["https://avatars1.githubusercontent.com/u/5107405?v=4"],"gravatar_id":[""],"url":["https://api.github.com/users/pmbaumgartner"],"html_url":["https://github.com/pmbaumgartner"],"followers_url":["https://api.github.com/users/pmbaumgartner/followers"],"following_url":["https://api.github.com/users/pmbaumgartner/following{/other_user}"],"gists_url":["https://api.github.com/users/pmbaumgartner/gists{/gist_id}"],"starred_url":["https://api.github.com/users/pmbaumgartner/starred{/owner}{/repo}"],"subscriptions_url":["https://api.github.com/users/pmbaumgartner/subscriptions"],"organizations_url":["https://api.github.com/users/pmbaumgartner/orgs"],"repos_url":["https://api.github.com/users/pmbaumgartner/repos"],"events_url":["https://api.github.com/users/pmbaumgartner/events{/privacy}"],"received_events_url":["https://api.github.com/users/pmbaumgartner/received_events"],"type":["User"],"site_admin":[false]},"labels":[],"state":["closed"],"locked":[false],"assignee":{},"assignees":[],"milestone":{},"comments":[0],"created_at":["2018-12-13T15:22:36Z"],"updated_at":["2018-12-13T15:22:50Z"],"closed_at":["2018-12-13T15:22:50Z"],"author_association":["OWNER"],"pull_request":{"url":["https://api.github.com/repos/pmbaumgartner/Syntax/pulls/1"],"html_url":["https://github.com/pmbaumgartner/Syntax/pull/1"],"diff_url":["https://github.com/pmbaumgartner/Syntax/pull/1.diff"],"patch_url":["https://github.com/pmbaumgartner/Syntax/pull/1.patch"]},"body":["The previous episode links were either incorrect or pointed to episode 1."]}]
