{"id":[89799776],"node_id":["MDEwOlJlcG9zaXRvcnk4OTc5OTc3Ng=="],"name":["adl-datadive"],"full_name":["pmbaumgartner/adl-datadive"],"private":[false],"owner":{"login":["pmbaumgartner"],"id":[5107405],"node_id":["MDQ6VXNlcjUxMDc0MDU="],"avatar_url":["https://avatars1.githubusercontent.com/u/5107405?v=4"],"gravatar_id":[""],"url":["https://api.github.com/users/pmbaumgartner"],"html_url":["https://github.com/pmbaumgartner"],"followers_url":["https://api.github.com/users/pmbaumgartner/followers"],"following_url":["https://api.github.com/users/pmbaumgartner/following{/other_user}"],"gists_url":["https://api.github.com/users/pmbaumgartner/gists{/gist_id}"],"starred_url":["https://api.github.com/users/pmbaumgartner/starred{/owner}{/repo}"],"subscriptions_url":["https://api.github.com/users/pmbaumgartner/subscriptions"],"organizations_url":["https://api.github.com/users/pmbaumgartner/orgs"],"repos_url":["https://api.github.com/users/pmbaumgartner/repos"],"events_url":["https://api.github.com/users/pmbaumgartner/events{/privacy}"],"received_events_url":["https://api.github.com/users/pmbaumgartner/received_events"],"type":["User"],"site_admin":[false]},"html_url":["https://github.com/pmbaumgartner/adl-datadive"],"description":["Data Dive for ADL"],"fork":[false],"url":["https://api.github.com/repos/pmbaumgartner/adl-datadive"],"forks_url":["https://api.github.com/repos/pmbaumgartner/adl-datadive/forks"],"keys_url":["https://api.github.com/repos/pmbaumgartner/adl-datadive/keys{/key_id}"],"collaborators_url":["https://api.github.com/repos/pmbaumgartner/adl-datadive/collaborators{/collaborator}"],"teams_url":["https://api.github.com/repos/pmbaumgartner/adl-datadive/teams"],"hooks_url":["https://api.github.com/repos/pmbaumgartner/adl-datadive/hooks"],"issue_events_url":["https://api.github.com/repos/pmbaumgartner/adl-datadive/issues/events{/number}"],"events_url":["https://api.github.com/repos/pmbaumgartner/adl-datadive/events"],"assignees_url":["https://api.github.com/repos/pmbaumgartner/adl-datadive/assignees{/user}"],"branches_url":["https://api.github.com/repos/pmbaumgartner/adl-datadive/branches{/branch}"],"tags_url":["https://api.github.com/repos/pmbaumgartner/adl-datadive/tags"],"blobs_url":["https://api.github.com/repos/pmbaumgartner/adl-datadive/git/blobs{/sha}"],"git_tags_url":["https://api.github.com/repos/pmbaumgartner/adl-datadive/git/tags{/sha}"],"git_refs_url":["https://api.github.com/repos/pmbaumgartner/adl-datadive/git/refs{/sha}"],"trees_url":["https://api.github.com/repos/pmbaumgartner/adl-datadive/git/trees{/sha}"],"statuses_url":["https://api.github.com/repos/pmbaumgartner/adl-datadive/statuses/{sha}"],"languages_url":["https://api.github.com/repos/pmbaumgartner/adl-datadive/languages"],"stargazers_url":["https://api.github.com/repos/pmbaumgartner/adl-datadive/stargazers"],"contributors_url":["https://api.github.com/repos/pmbaumgartner/adl-datadive/contributors"],"subscribers_url":["https://api.github.com/repos/pmbaumgartner/adl-datadive/subscribers"],"subscription_url":["https://api.github.com/repos/pmbaumgartner/adl-datadive/subscription"],"commits_url":["https://api.github.com/repos/pmbaumgartner/adl-datadive/commits{/sha}"],"git_commits_url":["https://api.github.com/repos/pmbaumgartner/adl-datadive/git/commits{/sha}"],"comments_url":["https://api.github.com/repos/pmbaumgartner/adl-datadive/comments{/number}"],"issue_comment_url":["https://api.github.com/repos/pmbaumgartner/adl-datadive/issues/comments{/number}"],"contents_url":["https://api.github.com/repos/pmbaumgartner/adl-datadive/contents/{+path}"],"compare_url":["https://api.github.com/repos/pmbaumgartner/adl-datadive/compare/{base}...{head}"],"merges_url":["https://api.github.com/repos/pmbaumgartner/adl-datadive/merges"],"archive_url":["https://api.github.com/repos/pmbaumgartner/adl-datadive/{archive_format}{/ref}"],"downloads_url":["https://api.github.com/repos/pmbaumgartner/adl-datadive/downloads"],"issues_url":["https://api.github.com/repos/pmbaumgartner/adl-datadive/issues{/number}"],"pulls_url":["https://api.github.com/repos/pmbaumgartner/adl-datadive/pulls{/number}"],"milestones_url":["https://api.github.com/repos/pmbaumgartner/adl-datadive/milestones{/number}"],"notifications_url":["https://api.github.com/repos/pmbaumgartner/adl-datadive/notifications{?since,all,participating}"],"labels_url":["https://api.github.com/repos/pmbaumgartner/adl-datadive/labels{/name}"],"releases_url":["https://api.github.com/repos/pmbaumgartner/adl-datadive/releases{/id}"],"deployments_url":["https://api.github.com/repos/pmbaumgartner/adl-datadive/deployments"],"created_at":["2017-04-29T17:02:18Z"],"updated_at":["2017-05-01T00:08:00Z"],"pushed_at":["2017-04-30T12:03:16Z"],"git_url":["git://github.com/pmbaumgartner/adl-datadive.git"],"ssh_url":["git@github.com:pmbaumgartner/adl-datadive.git"],"clone_url":["https://github.com/pmbaumgartner/adl-datadive.git"],"svn_url":["https://github.com/pmbaumgartner/adl-datadive"],"homepage":{},"size":[11740],"stargazers_count":[1],"watchers_count":[1],"language":["Jupyter Notebook"],"has_issues":[true],"has_projects":[true],"has_downloads":[true],"has_wiki":[true],"has_pages":[false],"forks_count":[0],"mirror_url":{},"archived":[false],"disabled":[false],"open_issues_count":[0],"license":{},"forks":[0],"open_issues":[0],"watchers":[1],"default_branch":["master"],"permissions":{"admin":[false],"push":[false],"pull":[true]}}
