{"id":[64602340],"node_id":["MDEwOlJlcG9zaXRvcnk2NDYwMjM0MA=="],"name":["amazon-dash"],"full_name":["pmbaumgartner/amazon-dash"],"private":[false],"owner":{"login":["pmbaumgartner"],"id":[5107405],"node_id":["MDQ6VXNlcjUxMDc0MDU="],"avatar_url":["https://avatars1.githubusercontent.com/u/5107405?v=4"],"gravatar_id":[""],"url":["https://api.github.com/users/pmbaumgartner"],"html_url":["https://github.com/pmbaumgartner"],"followers_url":["https://api.github.com/users/pmbaumgartner/followers"],"following_url":["https://api.github.com/users/pmbaumgartner/following{/other_user}"],"gists_url":["https://api.github.com/users/pmbaumgartner/gists{/gist_id}"],"starred_url":["https://api.github.com/users/pmbaumgartner/starred{/owner}{/repo}"],"subscriptions_url":["https://api.github.com/users/pmbaumgartner/subscriptions"],"organizations_url":["https://api.github.com/users/pmbaumgartner/orgs"],"repos_url":["https://api.github.com/users/pmbaumgartner/repos"],"events_url":["https://api.github.com/users/pmbaumgartner/events{/privacy}"],"received_events_url":["https://api.github.com/users/pmbaumgartner/received_events"],"type":["User"],"site_admin":[false]},"html_url":["https://github.com/pmbaumgartner/amazon-dash"],"description":["amazon dash button fiddling"],"fork":[false],"url":["https://api.github.com/repos/pmbaumgartner/amazon-dash"],"forks_url":["https://api.github.com/repos/pmbaumgartner/amazon-dash/forks"],"keys_url":["https://api.github.com/repos/pmbaumgartner/amazon-dash/keys{/key_id}"],"collaborators_url":["https://api.github.com/repos/pmbaumgartner/amazon-dash/collaborators{/collaborator}"],"teams_url":["https://api.github.com/repos/pmbaumgartner/amazon-dash/teams"],"hooks_url":["https://api.github.com/repos/pmbaumgartner/amazon-dash/hooks"],"issue_events_url":["https://api.github.com/repos/pmbaumgartner/amazon-dash/issues/events{/number}"],"events_url":["https://api.github.com/repos/pmbaumgartner/amazon-dash/events"],"assignees_url":["https://api.github.com/repos/pmbaumgartner/amazon-dash/assignees{/user}"],"branches_url":["https://api.github.com/repos/pmbaumgartner/amazon-dash/branches{/branch}"],"tags_url":["https://api.github.com/repos/pmbaumgartner/amazon-dash/tags"],"blobs_url":["https://api.github.com/repos/pmbaumgartner/amazon-dash/git/blobs{/sha}"],"git_tags_url":["https://api.github.com/repos/pmbaumgartner/amazon-dash/git/tags{/sha}"],"git_refs_url":["https://api.github.com/repos/pmbaumgartner/amazon-dash/git/refs{/sha}"],"trees_url":["https://api.github.com/repos/pmbaumgartner/amazon-dash/git/trees{/sha}"],"statuses_url":["https://api.github.com/repos/pmbaumgartner/amazon-dash/statuses/{sha}"],"languages_url":["https://api.github.com/repos/pmbaumgartner/amazon-dash/languages"],"stargazers_url":["https://api.github.com/repos/pmbaumgartner/amazon-dash/stargazers"],"contributors_url":["https://api.github.com/repos/pmbaumgartner/amazon-dash/contributors"],"subscribers_url":["https://api.github.com/repos/pmbaumgartner/amazon-dash/subscribers"],"subscription_url":["https://api.github.com/repos/pmbaumgartner/amazon-dash/subscription"],"commits_url":["https://api.github.com/repos/pmbaumgartner/amazon-dash/commits{/sha}"],"git_commits_url":["https://api.github.com/repos/pmbaumgartner/amazon-dash/git/commits{/sha}"],"comments_url":["https://api.github.com/repos/pmbaumgartner/amazon-dash/comments{/number}"],"issue_comment_url":["https://api.github.com/repos/pmbaumgartner/amazon-dash/issues/comments{/number}"],"contents_url":["https://api.github.com/repos/pmbaumgartner/amazon-dash/contents/{+path}"],"compare_url":["https://api.github.com/repos/pmbaumgartner/amazon-dash/compare/{base}...{head}"],"merges_url":["https://api.github.com/repos/pmbaumgartner/amazon-dash/merges"],"archive_url":["https://api.github.com/repos/pmbaumgartner/amazon-dash/{archive_format}{/ref}"],"downloads_url":["https://api.github.com/repos/pmbaumgartner/amazon-dash/downloads"],"issues_url":["https://api.github.com/repos/pmbaumgartner/amazon-dash/issues{/number}"],"pulls_url":["https://api.github.com/repos/pmbaumgartner/amazon-dash/pulls{/number}"],"milestones_url":["https://api.github.com/repos/pmbaumgartner/amazon-dash/milestones{/number}"],"notifications_url":["https://api.github.com/repos/pmbaumgartner/amazon-dash/notifications{?since,all,participating}"],"labels_url":["https://api.github.com/repos/pmbaumgartner/amazon-dash/labels{/name}"],"releases_url":["https://api.github.com/repos/pmbaumgartner/amazon-dash/releases{/id}"],"deployments_url":["https://api.github.com/repos/pmbaumgartner/amazon-dash/deployments"],"created_at":["2016-07-31T15:58:45Z"],"updated_at":["2016-07-31T15:59:12Z"],"pushed_at":["2016-08-01T02:02:23Z"],"git_url":["git://github.com/pmbaumgartner/amazon-dash.git"],"ssh_url":["git@github.com:pmbaumgartner/amazon-dash.git"],"clone_url":["https://github.com/pmbaumgartner/amazon-dash.git"],"svn_url":["https://github.com/pmbaumgartner/amazon-dash"],"homepage":{},"size":[7],"stargazers_count":[0],"watchers_count":[0],"language":["Python"],"has_issues":[true],"has_projects":[true],"has_downloads":[true],"has_wiki":[true],"has_pages":[false],"forks_count":[0],"mirror_url":{},"archived":[false],"disabled":[false],"open_issues_count":[0],"license":{},"forks":[0],"open_issues":[0],"watchers":[0],"default_branch":["master"],"permissions":{"admin":[false],"push":[false],"pull":[true]}}
