{"id":[128677628],"node_id":["MDEwOlJlcG9zaXRvcnkxMjg2Nzc2Mjg="],"name":["binder-notebooks"],"full_name":["pmbaumgartner/binder-notebooks"],"private":[false],"owner":{"login":["pmbaumgartner"],"id":[5107405],"node_id":["MDQ6VXNlcjUxMDc0MDU="],"avatar_url":["https://avatars1.githubusercontent.com/u/5107405?v=4"],"gravatar_id":[""],"url":["https://api.github.com/users/pmbaumgartner"],"html_url":["https://github.com/pmbaumgartner"],"followers_url":["https://api.github.com/users/pmbaumgartner/followers"],"following_url":["https://api.github.com/users/pmbaumgartner/following{/other_user}"],"gists_url":["https://api.github.com/users/pmbaumgartner/gists{/gist_id}"],"starred_url":["https://api.github.com/users/pmbaumgartner/starred{/owner}{/repo}"],"subscriptions_url":["https://api.github.com/users/pmbaumgartner/subscriptions"],"organizations_url":["https://api.github.com/users/pmbaumgartner/orgs"],"repos_url":["https://api.github.com/users/pmbaumgartner/repos"],"events_url":["https://api.github.com/users/pmbaumgartner/events{/privacy}"],"received_events_url":["https://api.github.com/users/pmbaumgartner/received_events"],"type":["User"],"site_admin":[false]},"html_url":["https://github.com/pmbaumgartner/binder-notebooks"],"description":["repo for notebooks that can be run in binder"],"fork":[false],"url":["https://api.github.com/repos/pmbaumgartner/binder-notebooks"],"forks_url":["https://api.github.com/repos/pmbaumgartner/binder-notebooks/forks"],"keys_url":["https://api.github.com/repos/pmbaumgartner/binder-notebooks/keys{/key_id}"],"collaborators_url":["https://api.github.com/repos/pmbaumgartner/binder-notebooks/collaborators{/collaborator}"],"teams_url":["https://api.github.com/repos/pmbaumgartner/binder-notebooks/teams"],"hooks_url":["https://api.github.com/repos/pmbaumgartner/binder-notebooks/hooks"],"issue_events_url":["https://api.github.com/repos/pmbaumgartner/binder-notebooks/issues/events{/number}"],"events_url":["https://api.github.com/repos/pmbaumgartner/binder-notebooks/events"],"assignees_url":["https://api.github.com/repos/pmbaumgartner/binder-notebooks/assignees{/user}"],"branches_url":["https://api.github.com/repos/pmbaumgartner/binder-notebooks/branches{/branch}"],"tags_url":["https://api.github.com/repos/pmbaumgartner/binder-notebooks/tags"],"blobs_url":["https://api.github.com/repos/pmbaumgartner/binder-notebooks/git/blobs{/sha}"],"git_tags_url":["https://api.github.com/repos/pmbaumgartner/binder-notebooks/git/tags{/sha}"],"git_refs_url":["https://api.github.com/repos/pmbaumgartner/binder-notebooks/git/refs{/sha}"],"trees_url":["https://api.github.com/repos/pmbaumgartner/binder-notebooks/git/trees{/sha}"],"statuses_url":["https://api.github.com/repos/pmbaumgartner/binder-notebooks/statuses/{sha}"],"languages_url":["https://api.github.com/repos/pmbaumgartner/binder-notebooks/languages"],"stargazers_url":["https://api.github.com/repos/pmbaumgartner/binder-notebooks/stargazers"],"contributors_url":["https://api.github.com/repos/pmbaumgartner/binder-notebooks/contributors"],"subscribers_url":["https://api.github.com/repos/pmbaumgartner/binder-notebooks/subscribers"],"subscription_url":["https://api.github.com/repos/pmbaumgartner/binder-notebooks/subscription"],"commits_url":["https://api.github.com/repos/pmbaumgartner/binder-notebooks/commits{/sha}"],"git_commits_url":["https://api.github.com/repos/pmbaumgartner/binder-notebooks/git/commits{/sha}"],"comments_url":["https://api.github.com/repos/pmbaumgartner/binder-notebooks/comments{/number}"],"issue_comment_url":["https://api.github.com/repos/pmbaumgartner/binder-notebooks/issues/comments{/number}"],"contents_url":["https://api.github.com/repos/pmbaumgartner/binder-notebooks/contents/{+path}"],"compare_url":["https://api.github.com/repos/pmbaumgartner/binder-notebooks/compare/{base}...{head}"],"merges_url":["https://api.github.com/repos/pmbaumgartner/binder-notebooks/merges"],"archive_url":["https://api.github.com/repos/pmbaumgartner/binder-notebooks/{archive_format}{/ref}"],"downloads_url":["https://api.github.com/repos/pmbaumgartner/binder-notebooks/downloads"],"issues_url":["https://api.github.com/repos/pmbaumgartner/binder-notebooks/issues{/number}"],"pulls_url":["https://api.github.com/repos/pmbaumgartner/binder-notebooks/pulls{/number}"],"milestones_url":["https://api.github.com/repos/pmbaumgartner/binder-notebooks/milestones{/number}"],"notifications_url":["https://api.github.com/repos/pmbaumgartner/binder-notebooks/notifications{?since,all,participating}"],"labels_url":["https://api.github.com/repos/pmbaumgartner/binder-notebooks/labels{/name}"],"releases_url":["https://api.github.com/repos/pmbaumgartner/binder-notebooks/releases{/id}"],"deployments_url":["https://api.github.com/repos/pmbaumgartner/binder-notebooks/deployments"],"created_at":["2018-04-08T20:06:20Z"],"updated_at":["2018-07-02T05:42:05Z"],"pushed_at":["2018-05-19T19:00:02Z"],"git_url":["git://github.com/pmbaumgartner/binder-notebooks.git"],"ssh_url":["git@github.com:pmbaumgartner/binder-notebooks.git"],"clone_url":["https://github.com/pmbaumgartner/binder-notebooks.git"],"svn_url":["https://github.com/pmbaumgartner/binder-notebooks"],"homepage":{},"size":[7207],"stargazers_count":[0],"watchers_count":[0],"language":["Jupyter Notebook"],"has_issues":[true],"has_projects":[true],"has_downloads":[true],"has_wiki":[true],"has_pages":[false],"forks_count":[0],"mirror_url":{},"archived":[false],"disabled":[false],"open_issues_count":[0],"license":{},"forks":[0],"open_issues":[0],"watchers":[0],"default_branch":["master"],"permissions":{"admin":[false],"push":[false],"pull":[true]}}
