{"id":[57084956],"node_id":["MDEwOlJlcG9zaXRvcnk1NzA4NDk1Ng=="],"name":["chartjam"],"full_name":["pmbaumgartner/chartjam"],"private":[false],"owner":{"login":["pmbaumgartner"],"id":[5107405],"node_id":["MDQ6VXNlcjUxMDc0MDU="],"avatar_url":["https://avatars1.githubusercontent.com/u/5107405?v=4"],"gravatar_id":[""],"url":["https://api.github.com/users/pmbaumgartner"],"html_url":["https://github.com/pmbaumgartner"],"followers_url":["https://api.github.com/users/pmbaumgartner/followers"],"following_url":["https://api.github.com/users/pmbaumgartner/following{/other_user}"],"gists_url":["https://api.github.com/users/pmbaumgartner/gists{/gist_id}"],"starred_url":["https://api.github.com/users/pmbaumgartner/starred{/owner}{/repo}"],"subscriptions_url":["https://api.github.com/users/pmbaumgartner/subscriptions"],"organizations_url":["https://api.github.com/users/pmbaumgartner/orgs"],"repos_url":["https://api.github.com/users/pmbaumgartner/repos"],"events_url":["https://api.github.com/users/pmbaumgartner/events{/privacy}"],"received_events_url":["https://api.github.com/users/pmbaumgartner/received_events"],"type":["User"],"site_admin":[false]},"html_url":["https://github.com/pmbaumgartner/chartjam"],"description":{},"fork":[false],"url":["https://api.github.com/repos/pmbaumgartner/chartjam"],"forks_url":["https://api.github.com/repos/pmbaumgartner/chartjam/forks"],"keys_url":["https://api.github.com/repos/pmbaumgartner/chartjam/keys{/key_id}"],"collaborators_url":["https://api.github.com/repos/pmbaumgartner/chartjam/collaborators{/collaborator}"],"teams_url":["https://api.github.com/repos/pmbaumgartner/chartjam/teams"],"hooks_url":["https://api.github.com/repos/pmbaumgartner/chartjam/hooks"],"issue_events_url":["https://api.github.com/repos/pmbaumgartner/chartjam/issues/events{/number}"],"events_url":["https://api.github.com/repos/pmbaumgartner/chartjam/events"],"assignees_url":["https://api.github.com/repos/pmbaumgartner/chartjam/assignees{/user}"],"branches_url":["https://api.github.com/repos/pmbaumgartner/chartjam/branches{/branch}"],"tags_url":["https://api.github.com/repos/pmbaumgartner/chartjam/tags"],"blobs_url":["https://api.github.com/repos/pmbaumgartner/chartjam/git/blobs{/sha}"],"git_tags_url":["https://api.github.com/repos/pmbaumgartner/chartjam/git/tags{/sha}"],"git_refs_url":["https://api.github.com/repos/pmbaumgartner/chartjam/git/refs{/sha}"],"trees_url":["https://api.github.com/repos/pmbaumgartner/chartjam/git/trees{/sha}"],"statuses_url":["https://api.github.com/repos/pmbaumgartner/chartjam/statuses/{sha}"],"languages_url":["https://api.github.com/repos/pmbaumgartner/chartjam/languages"],"stargazers_url":["https://api.github.com/repos/pmbaumgartner/chartjam/stargazers"],"contributors_url":["https://api.github.com/repos/pmbaumgartner/chartjam/contributors"],"subscribers_url":["https://api.github.com/repos/pmbaumgartner/chartjam/subscribers"],"subscription_url":["https://api.github.com/repos/pmbaumgartner/chartjam/subscription"],"commits_url":["https://api.github.com/repos/pmbaumgartner/chartjam/commits{/sha}"],"git_commits_url":["https://api.github.com/repos/pmbaumgartner/chartjam/git/commits{/sha}"],"comments_url":["https://api.github.com/repos/pmbaumgartner/chartjam/comments{/number}"],"issue_comment_url":["https://api.github.com/repos/pmbaumgartner/chartjam/issues/comments{/number}"],"contents_url":["https://api.github.com/repos/pmbaumgartner/chartjam/contents/{+path}"],"compare_url":["https://api.github.com/repos/pmbaumgartner/chartjam/compare/{base}...{head}"],"merges_url":["https://api.github.com/repos/pmbaumgartner/chartjam/merges"],"archive_url":["https://api.github.com/repos/pmbaumgartner/chartjam/{archive_format}{/ref}"],"downloads_url":["https://api.github.com/repos/pmbaumgartner/chartjam/downloads"],"issues_url":["https://api.github.com/repos/pmbaumgartner/chartjam/issues{/number}"],"pulls_url":["https://api.github.com/repos/pmbaumgartner/chartjam/pulls{/number}"],"milestones_url":["https://api.github.com/repos/pmbaumgartner/chartjam/milestones{/number}"],"notifications_url":["https://api.github.com/repos/pmbaumgartner/chartjam/notifications{?since,all,participating}"],"labels_url":["https://api.github.com/repos/pmbaumgartner/chartjam/labels{/name}"],"releases_url":["https://api.github.com/repos/pmbaumgartner/chartjam/releases{/id}"],"deployments_url":["https://api.github.com/repos/pmbaumgartner/chartjam/deployments"],"created_at":["2016-04-26T00:21:44Z"],"updated_at":["2016-05-01T17:24:36Z"],"pushed_at":["2016-05-01T17:24:35Z"],"git_url":["git://github.com/pmbaumgartner/chartjam.git"],"ssh_url":["git@github.com:pmbaumgartner/chartjam.git"],"clone_url":["https://github.com/pmbaumgartner/chartjam.git"],"svn_url":["https://github.com/pmbaumgartner/chartjam"],"homepage":{},"size":[3320],"stargazers_count":[0],"watchers_count":[0],"language":["HTML"],"has_issues":[true],"has_projects":[true],"has_downloads":[true],"has_wiki":[true],"has_pages":[false],"forks_count":[0],"mirror_url":{},"archived":[false],"disabled":[false],"open_issues_count":[0],"license":{},"forks":[0],"open_issues":[0],"watchers":[0],"default_branch":["master"],"permissions":{"admin":[false],"push":[false],"pull":[true]}}
