{"id":[47975790],"node_id":["MDEwOlJlcG9zaXRvcnk0Nzk3NTc5MA=="],"name":["data-science-from-scratch"],"full_name":["pmbaumgartner/data-science-from-scratch"],"private":[false],"owner":{"login":["pmbaumgartner"],"id":[5107405],"node_id":["MDQ6VXNlcjUxMDc0MDU="],"avatar_url":["https://avatars1.githubusercontent.com/u/5107405?v=4"],"gravatar_id":[""],"url":["https://api.github.com/users/pmbaumgartner"],"html_url":["https://github.com/pmbaumgartner"],"followers_url":["https://api.github.com/users/pmbaumgartner/followers"],"following_url":["https://api.github.com/users/pmbaumgartner/following{/other_user}"],"gists_url":["https://api.github.com/users/pmbaumgartner/gists{/gist_id}"],"starred_url":["https://api.github.com/users/pmbaumgartner/starred{/owner}{/repo}"],"subscriptions_url":["https://api.github.com/users/pmbaumgartner/subscriptions"],"organizations_url":["https://api.github.com/users/pmbaumgartner/orgs"],"repos_url":["https://api.github.com/users/pmbaumgartner/repos"],"events_url":["https://api.github.com/users/pmbaumgartner/events{/privacy}"],"received_events_url":["https://api.github.com/users/pmbaumgartner/received_events"],"type":["User"],"site_admin":[false]},"html_url":["https://github.com/pmbaumgartner/data-science-from-scratch"],"description":{},"fork":[false],"url":["https://api.github.com/repos/pmbaumgartner/data-science-from-scratch"],"forks_url":["https://api.github.com/repos/pmbaumgartner/data-science-from-scratch/forks"],"keys_url":["https://api.github.com/repos/pmbaumgartner/data-science-from-scratch/keys{/key_id}"],"collaborators_url":["https://api.github.com/repos/pmbaumgartner/data-science-from-scratch/collaborators{/collaborator}"],"teams_url":["https://api.github.com/repos/pmbaumgartner/data-science-from-scratch/teams"],"hooks_url":["https://api.github.com/repos/pmbaumgartner/data-science-from-scratch/hooks"],"issue_events_url":["https://api.github.com/repos/pmbaumgartner/data-science-from-scratch/issues/events{/number}"],"events_url":["https://api.github.com/repos/pmbaumgartner/data-science-from-scratch/events"],"assignees_url":["https://api.github.com/repos/pmbaumgartner/data-science-from-scratch/assignees{/user}"],"branches_url":["https://api.github.com/repos/pmbaumgartner/data-science-from-scratch/branches{/branch}"],"tags_url":["https://api.github.com/repos/pmbaumgartner/data-science-from-scratch/tags"],"blobs_url":["https://api.github.com/repos/pmbaumgartner/data-science-from-scratch/git/blobs{/sha}"],"git_tags_url":["https://api.github.com/repos/pmbaumgartner/data-science-from-scratch/git/tags{/sha}"],"git_refs_url":["https://api.github.com/repos/pmbaumgartner/data-science-from-scratch/git/refs{/sha}"],"trees_url":["https://api.github.com/repos/pmbaumgartner/data-science-from-scratch/git/trees{/sha}"],"statuses_url":["https://api.github.com/repos/pmbaumgartner/data-science-from-scratch/statuses/{sha}"],"languages_url":["https://api.github.com/repos/pmbaumgartner/data-science-from-scratch/languages"],"stargazers_url":["https://api.github.com/repos/pmbaumgartner/data-science-from-scratch/stargazers"],"contributors_url":["https://api.github.com/repos/pmbaumgartner/data-science-from-scratch/contributors"],"subscribers_url":["https://api.github.com/repos/pmbaumgartner/data-science-from-scratch/subscribers"],"subscription_url":["https://api.github.com/repos/pmbaumgartner/data-science-from-scratch/subscription"],"commits_url":["https://api.github.com/repos/pmbaumgartner/data-science-from-scratch/commits{/sha}"],"git_commits_url":["https://api.github.com/repos/pmbaumgartner/data-science-from-scratch/git/commits{/sha}"],"comments_url":["https://api.github.com/repos/pmbaumgartner/data-science-from-scratch/comments{/number}"],"issue_comment_url":["https://api.github.com/repos/pmbaumgartner/data-science-from-scratch/issues/comments{/number}"],"contents_url":["https://api.github.com/repos/pmbaumgartner/data-science-from-scratch/contents/{+path}"],"compare_url":["https://api.github.com/repos/pmbaumgartner/data-science-from-scratch/compare/{base}...{head}"],"merges_url":["https://api.github.com/repos/pmbaumgartner/data-science-from-scratch/merges"],"archive_url":["https://api.github.com/repos/pmbaumgartner/data-science-from-scratch/{archive_format}{/ref}"],"downloads_url":["https://api.github.com/repos/pmbaumgartner/data-science-from-scratch/downloads"],"issues_url":["https://api.github.com/repos/pmbaumgartner/data-science-from-scratch/issues{/number}"],"pulls_url":["https://api.github.com/repos/pmbaumgartner/data-science-from-scratch/pulls{/number}"],"milestones_url":["https://api.github.com/repos/pmbaumgartner/data-science-from-scratch/milestones{/number}"],"notifications_url":["https://api.github.com/repos/pmbaumgartner/data-science-from-scratch/notifications{?since,all,participating}"],"labels_url":["https://api.github.com/repos/pmbaumgartner/data-science-from-scratch/labels{/name}"],"releases_url":["https://api.github.com/repos/pmbaumgartner/data-science-from-scratch/releases{/id}"],"deployments_url":["https://api.github.com/repos/pmbaumgartner/data-science-from-scratch/deployments"],"created_at":["2015-12-14T13:10:06Z"],"updated_at":["2015-12-14T13:14:49Z"],"pushed_at":["2016-01-04T12:50:25Z"],"git_url":["git://github.com/pmbaumgartner/data-science-from-scratch.git"],"ssh_url":["git@github.com:pmbaumgartner/data-science-from-scratch.git"],"clone_url":["https://github.com/pmbaumgartner/data-science-from-scratch.git"],"svn_url":["https://github.com/pmbaumgartner/data-science-from-scratch"],"homepage":{},"size":[231],"stargazers_count":[0],"watchers_count":[0],"language":["Jupyter Notebook"],"has_issues":[true],"has_projects":[true],"has_downloads":[true],"has_wiki":[true],"has_pages":[false],"forks_count":[1],"mirror_url":{},"archived":[false],"disabled":[false],"open_issues_count":[0],"license":{},"forks":[1],"open_issues":[0],"watchers":[0],"default_branch":["master"],"permissions":{"admin":[false],"push":[false],"pull":[true]}}
