{"id":[131776092],"node_id":["MDEwOlJlcG9zaXRvcnkxMzE3NzYwOTI="],"name":["demo-ard-text"],"full_name":["pmbaumgartner/demo-ard-text"],"private":[false],"owner":{"login":["pmbaumgartner"],"id":[5107405],"node_id":["MDQ6VXNlcjUxMDc0MDU="],"avatar_url":["https://avatars1.githubusercontent.com/u/5107405?v=4"],"gravatar_id":[""],"url":["https://api.github.com/users/pmbaumgartner"],"html_url":["https://github.com/pmbaumgartner"],"followers_url":["https://api.github.com/users/pmbaumgartner/followers"],"following_url":["https://api.github.com/users/pmbaumgartner/following{/other_user}"],"gists_url":["https://api.github.com/users/pmbaumgartner/gists{/gist_id}"],"starred_url":["https://api.github.com/users/pmbaumgartner/starred{/owner}{/repo}"],"subscriptions_url":["https://api.github.com/users/pmbaumgartner/subscriptions"],"organizations_url":["https://api.github.com/users/pmbaumgartner/orgs"],"repos_url":["https://api.github.com/users/pmbaumgartner/repos"],"events_url":["https://api.github.com/users/pmbaumgartner/events{/privacy}"],"received_events_url":["https://api.github.com/users/pmbaumgartner/received_events"],"type":["User"],"site_admin":[false]},"html_url":["https://github.com/pmbaumgartner/demo-ard-text"],"description":["Demonstration notebooks for processes to reduce volume of news articles relative to some topic."],"fork":[false],"url":["https://api.github.com/repos/pmbaumgartner/demo-ard-text"],"forks_url":["https://api.github.com/repos/pmbaumgartner/demo-ard-text/forks"],"keys_url":["https://api.github.com/repos/pmbaumgartner/demo-ard-text/keys{/key_id}"],"collaborators_url":["https://api.github.com/repos/pmbaumgartner/demo-ard-text/collaborators{/collaborator}"],"teams_url":["https://api.github.com/repos/pmbaumgartner/demo-ard-text/teams"],"hooks_url":["https://api.github.com/repos/pmbaumgartner/demo-ard-text/hooks"],"issue_events_url":["https://api.github.com/repos/pmbaumgartner/demo-ard-text/issues/events{/number}"],"events_url":["https://api.github.com/repos/pmbaumgartner/demo-ard-text/events"],"assignees_url":["https://api.github.com/repos/pmbaumgartner/demo-ard-text/assignees{/user}"],"branches_url":["https://api.github.com/repos/pmbaumgartner/demo-ard-text/branches{/branch}"],"tags_url":["https://api.github.com/repos/pmbaumgartner/demo-ard-text/tags"],"blobs_url":["https://api.github.com/repos/pmbaumgartner/demo-ard-text/git/blobs{/sha}"],"git_tags_url":["https://api.github.com/repos/pmbaumgartner/demo-ard-text/git/tags{/sha}"],"git_refs_url":["https://api.github.com/repos/pmbaumgartner/demo-ard-text/git/refs{/sha}"],"trees_url":["https://api.github.com/repos/pmbaumgartner/demo-ard-text/git/trees{/sha}"],"statuses_url":["https://api.github.com/repos/pmbaumgartner/demo-ard-text/statuses/{sha}"],"languages_url":["https://api.github.com/repos/pmbaumgartner/demo-ard-text/languages"],"stargazers_url":["https://api.github.com/repos/pmbaumgartner/demo-ard-text/stargazers"],"contributors_url":["https://api.github.com/repos/pmbaumgartner/demo-ard-text/contributors"],"subscribers_url":["https://api.github.com/repos/pmbaumgartner/demo-ard-text/subscribers"],"subscription_url":["https://api.github.com/repos/pmbaumgartner/demo-ard-text/subscription"],"commits_url":["https://api.github.com/repos/pmbaumgartner/demo-ard-text/commits{/sha}"],"git_commits_url":["https://api.github.com/repos/pmbaumgartner/demo-ard-text/git/commits{/sha}"],"comments_url":["https://api.github.com/repos/pmbaumgartner/demo-ard-text/comments{/number}"],"issue_comment_url":["https://api.github.com/repos/pmbaumgartner/demo-ard-text/issues/comments{/number}"],"contents_url":["https://api.github.com/repos/pmbaumgartner/demo-ard-text/contents/{+path}"],"compare_url":["https://api.github.com/repos/pmbaumgartner/demo-ard-text/compare/{base}...{head}"],"merges_url":["https://api.github.com/repos/pmbaumgartner/demo-ard-text/merges"],"archive_url":["https://api.github.com/repos/pmbaumgartner/demo-ard-text/{archive_format}{/ref}"],"downloads_url":["https://api.github.com/repos/pmbaumgartner/demo-ard-text/downloads"],"issues_url":["https://api.github.com/repos/pmbaumgartner/demo-ard-text/issues{/number}"],"pulls_url":["https://api.github.com/repos/pmbaumgartner/demo-ard-text/pulls{/number}"],"milestones_url":["https://api.github.com/repos/pmbaumgartner/demo-ard-text/milestones{/number}"],"notifications_url":["https://api.github.com/repos/pmbaumgartner/demo-ard-text/notifications{?since,all,participating}"],"labels_url":["https://api.github.com/repos/pmbaumgartner/demo-ard-text/labels{/name}"],"releases_url":["https://api.github.com/repos/pmbaumgartner/demo-ard-text/releases{/id}"],"deployments_url":["https://api.github.com/repos/pmbaumgartner/demo-ard-text/deployments"],"created_at":["2018-05-02T00:08:04Z"],"updated_at":["2018-05-07T18:39:56Z"],"pushed_at":["2018-05-02T15:19:43Z"],"git_url":["git://github.com/pmbaumgartner/demo-ard-text.git"],"ssh_url":["git@github.com:pmbaumgartner/demo-ard-text.git"],"clone_url":["https://github.com/pmbaumgartner/demo-ard-text.git"],"svn_url":["https://github.com/pmbaumgartner/demo-ard-text"],"homepage":[""],"size":[2074],"stargazers_count":[4],"watchers_count":[4],"language":["Jupyter Notebook"],"has_issues":[true],"has_projects":[true],"has_downloads":[true],"has_wiki":[true],"has_pages":[false],"forks_count":[2],"mirror_url":{},"archived":[false],"disabled":[false],"open_issues_count":[0],"license":{},"forks":[2],"open_issues":[0],"watchers":[4],"default_branch":["master"],"permissions":{"admin":[false],"push":[false],"pull":[true]}}
