{"id":[119902901],"node_id":["MDEwOlJlcG9zaXRvcnkxMTk5MDI5MDE="],"name":["excelify"],"full_name":["pmbaumgartner/excelify"],"private":[false],"owner":{"login":["pmbaumgartner"],"id":[5107405],"node_id":["MDQ6VXNlcjUxMDc0MDU="],"avatar_url":["https://avatars1.githubusercontent.com/u/5107405?v=4"],"gravatar_id":[""],"url":["https://api.github.com/users/pmbaumgartner"],"html_url":["https://github.com/pmbaumgartner"],"followers_url":["https://api.github.com/users/pmbaumgartner/followers"],"following_url":["https://api.github.com/users/pmbaumgartner/following{/other_user}"],"gists_url":["https://api.github.com/users/pmbaumgartner/gists{/gist_id}"],"starred_url":["https://api.github.com/users/pmbaumgartner/starred{/owner}{/repo}"],"subscriptions_url":["https://api.github.com/users/pmbaumgartner/subscriptions"],"organizations_url":["https://api.github.com/users/pmbaumgartner/orgs"],"repos_url":["https://api.github.com/users/pmbaumgartner/repos"],"events_url":["https://api.github.com/users/pmbaumgartner/events{/privacy}"],"received_events_url":["https://api.github.com/users/pmbaumgartner/received_events"],"type":["User"],"site_admin":[false]},"html_url":["https://github.com/pmbaumgartner/excelify"],"description":["IPython Magic for exporting pandas objects to Excel"],"fork":[false],"url":["https://api.github.com/repos/pmbaumgartner/excelify"],"forks_url":["https://api.github.com/repos/pmbaumgartner/excelify/forks"],"keys_url":["https://api.github.com/repos/pmbaumgartner/excelify/keys{/key_id}"],"collaborators_url":["https://api.github.com/repos/pmbaumgartner/excelify/collaborators{/collaborator}"],"teams_url":["https://api.github.com/repos/pmbaumgartner/excelify/teams"],"hooks_url":["https://api.github.com/repos/pmbaumgartner/excelify/hooks"],"issue_events_url":["https://api.github.com/repos/pmbaumgartner/excelify/issues/events{/number}"],"events_url":["https://api.github.com/repos/pmbaumgartner/excelify/events"],"assignees_url":["https://api.github.com/repos/pmbaumgartner/excelify/assignees{/user}"],"branches_url":["https://api.github.com/repos/pmbaumgartner/excelify/branches{/branch}"],"tags_url":["https://api.github.com/repos/pmbaumgartner/excelify/tags"],"blobs_url":["https://api.github.com/repos/pmbaumgartner/excelify/git/blobs{/sha}"],"git_tags_url":["https://api.github.com/repos/pmbaumgartner/excelify/git/tags{/sha}"],"git_refs_url":["https://api.github.com/repos/pmbaumgartner/excelify/git/refs{/sha}"],"trees_url":["https://api.github.com/repos/pmbaumgartner/excelify/git/trees{/sha}"],"statuses_url":["https://api.github.com/repos/pmbaumgartner/excelify/statuses/{sha}"],"languages_url":["https://api.github.com/repos/pmbaumgartner/excelify/languages"],"stargazers_url":["https://api.github.com/repos/pmbaumgartner/excelify/stargazers"],"contributors_url":["https://api.github.com/repos/pmbaumgartner/excelify/contributors"],"subscribers_url":["https://api.github.com/repos/pmbaumgartner/excelify/subscribers"],"subscription_url":["https://api.github.com/repos/pmbaumgartner/excelify/subscription"],"commits_url":["https://api.github.com/repos/pmbaumgartner/excelify/commits{/sha}"],"git_commits_url":["https://api.github.com/repos/pmbaumgartner/excelify/git/commits{/sha}"],"comments_url":["https://api.github.com/repos/pmbaumgartner/excelify/comments{/number}"],"issue_comment_url":["https://api.github.com/repos/pmbaumgartner/excelify/issues/comments{/number}"],"contents_url":["https://api.github.com/repos/pmbaumgartner/excelify/contents/{+path}"],"compare_url":["https://api.github.com/repos/pmbaumgartner/excelify/compare/{base}...{head}"],"merges_url":["https://api.github.com/repos/pmbaumgartner/excelify/merges"],"archive_url":["https://api.github.com/repos/pmbaumgartner/excelify/{archive_format}{/ref}"],"downloads_url":["https://api.github.com/repos/pmbaumgartner/excelify/downloads"],"issues_url":["https://api.github.com/repos/pmbaumgartner/excelify/issues{/number}"],"pulls_url":["https://api.github.com/repos/pmbaumgartner/excelify/pulls{/number}"],"milestones_url":["https://api.github.com/repos/pmbaumgartner/excelify/milestones{/number}"],"notifications_url":["https://api.github.com/repos/pmbaumgartner/excelify/notifications{?since,all,participating}"],"labels_url":["https://api.github.com/repos/pmbaumgartner/excelify/labels{/name}"],"releases_url":["https://api.github.com/repos/pmbaumgartner/excelify/releases{/id}"],"deployments_url":["https://api.github.com/repos/pmbaumgartner/excelify/deployments"],"created_at":["2018-02-01T22:45:35Z"],"updated_at":["2018-05-29T14:05:34Z"],"pushed_at":["2018-02-06T13:06:12Z"],"git_url":["git://github.com/pmbaumgartner/excelify.git"],"ssh_url":["git@github.com:pmbaumgartner/excelify.git"],"clone_url":["https://github.com/pmbaumgartner/excelify.git"],"svn_url":["https://github.com/pmbaumgartner/excelify"],"homepage":{},"size":[37],"stargazers_count":[9],"watchers_count":[9],"language":["Python"],"has_issues":[true],"has_projects":[true],"has_downloads":[true],"has_wiki":[true],"has_pages":[false],"forks_count":[0],"mirror_url":{},"archived":[false],"disabled":[false],"open_issues_count":[0],"license":{"key":["mit"],"name":["MIT License"],"spdx_id":["MIT"],"url":["https://api.github.com/licenses/mit"],"node_id":["MDc6TGljZW5zZTEz"]},"forks":[0],"open_issues":[0],"watchers":[9],"default_branch":["master"],"permissions":{"admin":[false],"push":[false],"pull":[true]}}
