{"id":[92107467],"node_id":["MDEwOlJlcG9zaXRvcnk5MjEwNzQ2Nw=="],"name":["gensim"],"full_name":["pmbaumgartner/gensim"],"private":[false],"owner":{"login":["pmbaumgartner"],"id":[5107405],"node_id":["MDQ6VXNlcjUxMDc0MDU="],"avatar_url":["https://avatars1.githubusercontent.com/u/5107405?v=4"],"gravatar_id":[""],"url":["https://api.github.com/users/pmbaumgartner"],"html_url":["https://github.com/pmbaumgartner"],"followers_url":["https://api.github.com/users/pmbaumgartner/followers"],"following_url":["https://api.github.com/users/pmbaumgartner/following{/other_user}"],"gists_url":["https://api.github.com/users/pmbaumgartner/gists{/gist_id}"],"starred_url":["https://api.github.com/users/pmbaumgartner/starred{/owner}{/repo}"],"subscriptions_url":["https://api.github.com/users/pmbaumgartner/subscriptions"],"organizations_url":["https://api.github.com/users/pmbaumgartner/orgs"],"repos_url":["https://api.github.com/users/pmbaumgartner/repos"],"events_url":["https://api.github.com/users/pmbaumgartner/events{/privacy}"],"received_events_url":["https://api.github.com/users/pmbaumgartner/received_events"],"type":["User"],"site_admin":[false]},"html_url":["https://github.com/pmbaumgartner/gensim"],"description":["Topic Modelling for Humans"],"fork":[true],"url":["https://api.github.com/repos/pmbaumgartner/gensim"],"forks_url":["https://api.github.com/repos/pmbaumgartner/gensim/forks"],"keys_url":["https://api.github.com/repos/pmbaumgartner/gensim/keys{/key_id}"],"collaborators_url":["https://api.github.com/repos/pmbaumgartner/gensim/collaborators{/collaborator}"],"teams_url":["https://api.github.com/repos/pmbaumgartner/gensim/teams"],"hooks_url":["https://api.github.com/repos/pmbaumgartner/gensim/hooks"],"issue_events_url":["https://api.github.com/repos/pmbaumgartner/gensim/issues/events{/number}"],"events_url":["https://api.github.com/repos/pmbaumgartner/gensim/events"],"assignees_url":["https://api.github.com/repos/pmbaumgartner/gensim/assignees{/user}"],"branches_url":["https://api.github.com/repos/pmbaumgartner/gensim/branches{/branch}"],"tags_url":["https://api.github.com/repos/pmbaumgartner/gensim/tags"],"blobs_url":["https://api.github.com/repos/pmbaumgartner/gensim/git/blobs{/sha}"],"git_tags_url":["https://api.github.com/repos/pmbaumgartner/gensim/git/tags{/sha}"],"git_refs_url":["https://api.github.com/repos/pmbaumgartner/gensim/git/refs{/sha}"],"trees_url":["https://api.github.com/repos/pmbaumgartner/gensim/git/trees{/sha}"],"statuses_url":["https://api.github.com/repos/pmbaumgartner/gensim/statuses/{sha}"],"languages_url":["https://api.github.com/repos/pmbaumgartner/gensim/languages"],"stargazers_url":["https://api.github.com/repos/pmbaumgartner/gensim/stargazers"],"contributors_url":["https://api.github.com/repos/pmbaumgartner/gensim/contributors"],"subscribers_url":["https://api.github.com/repos/pmbaumgartner/gensim/subscribers"],"subscription_url":["https://api.github.com/repos/pmbaumgartner/gensim/subscription"],"commits_url":["https://api.github.com/repos/pmbaumgartner/gensim/commits{/sha}"],"git_commits_url":["https://api.github.com/repos/pmbaumgartner/gensim/git/commits{/sha}"],"comments_url":["https://api.github.com/repos/pmbaumgartner/gensim/comments{/number}"],"issue_comment_url":["https://api.github.com/repos/pmbaumgartner/gensim/issues/comments{/number}"],"contents_url":["https://api.github.com/repos/pmbaumgartner/gensim/contents/{+path}"],"compare_url":["https://api.github.com/repos/pmbaumgartner/gensim/compare/{base}...{head}"],"merges_url":["https://api.github.com/repos/pmbaumgartner/gensim/merges"],"archive_url":["https://api.github.com/repos/pmbaumgartner/gensim/{archive_format}{/ref}"],"downloads_url":["https://api.github.com/repos/pmbaumgartner/gensim/downloads"],"issues_url":["https://api.github.com/repos/pmbaumgartner/gensim/issues{/number}"],"pulls_url":["https://api.github.com/repos/pmbaumgartner/gensim/pulls{/number}"],"milestones_url":["https://api.github.com/repos/pmbaumgartner/gensim/milestones{/number}"],"notifications_url":["https://api.github.com/repos/pmbaumgartner/gensim/notifications{?since,all,participating}"],"labels_url":["https://api.github.com/repos/pmbaumgartner/gensim/labels{/name}"],"releases_url":["https://api.github.com/repos/pmbaumgartner/gensim/releases{/id}"],"deployments_url":["https://api.github.com/repos/pmbaumgartner/gensim/deployments"],"created_at":["2017-05-22T23:14:55Z"],"updated_at":["2017-12-26T01:07:55Z"],"pushed_at":["2017-05-23T00:06:25Z"],"git_url":["git://github.com/pmbaumgartner/gensim.git"],"ssh_url":["git@github.com:pmbaumgartner/gensim.git"],"clone_url":["https://github.com/pmbaumgartner/gensim.git"],"svn_url":["https://github.com/pmbaumgartner/gensim"],"homepage":["http://radimrehurek.com/gensim/"],"size":[33530],"stargazers_count":[0],"watchers_count":[0],"language":["Python"],"has_issues":[false],"has_projects":[true],"has_downloads":[true],"has_wiki":[true],"has_pages":[false],"forks_count":[0],"mirror_url":{},"archived":[true],"disabled":[false],"open_issues_count":[0],"license":{"key":["lgpl-2.1"],"name":["GNU Lesser General Public License v2.1"],"spdx_id":["LGPL-2.1"],"url":["https://api.github.com/licenses/lgpl-2.1"],"node_id":["MDc6TGljZW5zZTEx"]},"forks":[0],"open_issues":[0],"watchers":[0],"default_branch":["develop"],"permissions":{"admin":[false],"push":[false],"pull":[true]}}
