{"id":[70079380],"node_id":["MDEwOlJlcG9zaXRvcnk3MDA3OTM4MA=="],"name":["iaa-alum-talk"],"full_name":["pmbaumgartner/iaa-alum-talk"],"private":[false],"owner":{"login":["pmbaumgartner"],"id":[5107405],"node_id":["MDQ6VXNlcjUxMDc0MDU="],"avatar_url":["https://avatars1.githubusercontent.com/u/5107405?v=4"],"gravatar_id":[""],"url":["https://api.github.com/users/pmbaumgartner"],"html_url":["https://github.com/pmbaumgartner"],"followers_url":["https://api.github.com/users/pmbaumgartner/followers"],"following_url":["https://api.github.com/users/pmbaumgartner/following{/other_user}"],"gists_url":["https://api.github.com/users/pmbaumgartner/gists{/gist_id}"],"starred_url":["https://api.github.com/users/pmbaumgartner/starred{/owner}{/repo}"],"subscriptions_url":["https://api.github.com/users/pmbaumgartner/subscriptions"],"organizations_url":["https://api.github.com/users/pmbaumgartner/orgs"],"repos_url":["https://api.github.com/users/pmbaumgartner/repos"],"events_url":["https://api.github.com/users/pmbaumgartner/events{/privacy}"],"received_events_url":["https://api.github.com/users/pmbaumgartner/received_events"],"type":["User"],"site_admin":[false]},"html_url":["https://github.com/pmbaumgartner/iaa-alum-talk"],"description":["Reveal.js presentation for IAA Alum Talk"],"fork":[false],"url":["https://api.github.com/repos/pmbaumgartner/iaa-alum-talk"],"forks_url":["https://api.github.com/repos/pmbaumgartner/iaa-alum-talk/forks"],"keys_url":["https://api.github.com/repos/pmbaumgartner/iaa-alum-talk/keys{/key_id}"],"collaborators_url":["https://api.github.com/repos/pmbaumgartner/iaa-alum-talk/collaborators{/collaborator}"],"teams_url":["https://api.github.com/repos/pmbaumgartner/iaa-alum-talk/teams"],"hooks_url":["https://api.github.com/repos/pmbaumgartner/iaa-alum-talk/hooks"],"issue_events_url":["https://api.github.com/repos/pmbaumgartner/iaa-alum-talk/issues/events{/number}"],"events_url":["https://api.github.com/repos/pmbaumgartner/iaa-alum-talk/events"],"assignees_url":["https://api.github.com/repos/pmbaumgartner/iaa-alum-talk/assignees{/user}"],"branches_url":["https://api.github.com/repos/pmbaumgartner/iaa-alum-talk/branches{/branch}"],"tags_url":["https://api.github.com/repos/pmbaumgartner/iaa-alum-talk/tags"],"blobs_url":["https://api.github.com/repos/pmbaumgartner/iaa-alum-talk/git/blobs{/sha}"],"git_tags_url":["https://api.github.com/repos/pmbaumgartner/iaa-alum-talk/git/tags{/sha}"],"git_refs_url":["https://api.github.com/repos/pmbaumgartner/iaa-alum-talk/git/refs{/sha}"],"trees_url":["https://api.github.com/repos/pmbaumgartner/iaa-alum-talk/git/trees{/sha}"],"statuses_url":["https://api.github.com/repos/pmbaumgartner/iaa-alum-talk/statuses/{sha}"],"languages_url":["https://api.github.com/repos/pmbaumgartner/iaa-alum-talk/languages"],"stargazers_url":["https://api.github.com/repos/pmbaumgartner/iaa-alum-talk/stargazers"],"contributors_url":["https://api.github.com/repos/pmbaumgartner/iaa-alum-talk/contributors"],"subscribers_url":["https://api.github.com/repos/pmbaumgartner/iaa-alum-talk/subscribers"],"subscription_url":["https://api.github.com/repos/pmbaumgartner/iaa-alum-talk/subscription"],"commits_url":["https://api.github.com/repos/pmbaumgartner/iaa-alum-talk/commits{/sha}"],"git_commits_url":["https://api.github.com/repos/pmbaumgartner/iaa-alum-talk/git/commits{/sha}"],"comments_url":["https://api.github.com/repos/pmbaumgartner/iaa-alum-talk/comments{/number}"],"issue_comment_url":["https://api.github.com/repos/pmbaumgartner/iaa-alum-talk/issues/comments{/number}"],"contents_url":["https://api.github.com/repos/pmbaumgartner/iaa-alum-talk/contents/{+path}"],"compare_url":["https://api.github.com/repos/pmbaumgartner/iaa-alum-talk/compare/{base}...{head}"],"merges_url":["https://api.github.com/repos/pmbaumgartner/iaa-alum-talk/merges"],"archive_url":["https://api.github.com/repos/pmbaumgartner/iaa-alum-talk/{archive_format}{/ref}"],"downloads_url":["https://api.github.com/repos/pmbaumgartner/iaa-alum-talk/downloads"],"issues_url":["https://api.github.com/repos/pmbaumgartner/iaa-alum-talk/issues{/number}"],"pulls_url":["https://api.github.com/repos/pmbaumgartner/iaa-alum-talk/pulls{/number}"],"milestones_url":["https://api.github.com/repos/pmbaumgartner/iaa-alum-talk/milestones{/number}"],"notifications_url":["https://api.github.com/repos/pmbaumgartner/iaa-alum-talk/notifications{?since,all,participating}"],"labels_url":["https://api.github.com/repos/pmbaumgartner/iaa-alum-talk/labels{/name}"],"releases_url":["https://api.github.com/repos/pmbaumgartner/iaa-alum-talk/releases{/id}"],"deployments_url":["https://api.github.com/repos/pmbaumgartner/iaa-alum-talk/deployments"],"created_at":["2016-10-05T16:42:30Z"],"updated_at":["2016-10-05T16:45:10Z"],"pushed_at":["2016-10-11T21:43:53Z"],"git_url":["git://github.com/pmbaumgartner/iaa-alum-talk.git"],"ssh_url":["git@github.com:pmbaumgartner/iaa-alum-talk.git"],"clone_url":["https://github.com/pmbaumgartner/iaa-alum-talk.git"],"svn_url":["https://github.com/pmbaumgartner/iaa-alum-talk"],"homepage":{},"size":[101644],"stargazers_count":[0],"watchers_count":[0],"language":["JavaScript"],"has_issues":[true],"has_projects":[true],"has_downloads":[true],"has_wiki":[true],"has_pages":[true],"forks_count":[0],"mirror_url":{},"archived":[false],"disabled":[false],"open_issues_count":[0],"license":{"key":["mit"],"name":["MIT License"],"spdx_id":["MIT"],"url":["https://api.github.com/licenses/mit"],"node_id":["MDc6TGljZW5zZTEz"]},"forks":[0],"open_issues":[0],"watchers":[0],"default_branch":["master"],"permissions":{"admin":[false],"push":[false],"pull":[true]}}
