{"id":[56768528],"node_id":["MDEwOlJlcG9zaXRvcnk1Njc2ODUyOA=="],"name":["itsworking"],"full_name":["pmbaumgartner/itsworking"],"private":[false],"owner":{"login":["pmbaumgartner"],"id":[5107405],"node_id":["MDQ6VXNlcjUxMDc0MDU="],"avatar_url":["https://avatars1.githubusercontent.com/u/5107405?v=4"],"gravatar_id":[""],"url":["https://api.github.com/users/pmbaumgartner"],"html_url":["https://github.com/pmbaumgartner"],"followers_url":["https://api.github.com/users/pmbaumgartner/followers"],"following_url":["https://api.github.com/users/pmbaumgartner/following{/other_user}"],"gists_url":["https://api.github.com/users/pmbaumgartner/gists{/gist_id}"],"starred_url":["https://api.github.com/users/pmbaumgartner/starred{/owner}{/repo}"],"subscriptions_url":["https://api.github.com/users/pmbaumgartner/subscriptions"],"organizations_url":["https://api.github.com/users/pmbaumgartner/orgs"],"repos_url":["https://api.github.com/users/pmbaumgartner/repos"],"events_url":["https://api.github.com/users/pmbaumgartner/events{/privacy}"],"received_events_url":["https://api.github.com/users/pmbaumgartner/received_events"],"type":["User"],"site_admin":[false]},"html_url":["https://github.com/pmbaumgartner/itsworking"],"description":{},"fork":[false],"url":["https://api.github.com/repos/pmbaumgartner/itsworking"],"forks_url":["https://api.github.com/repos/pmbaumgartner/itsworking/forks"],"keys_url":["https://api.github.com/repos/pmbaumgartner/itsworking/keys{/key_id}"],"collaborators_url":["https://api.github.com/repos/pmbaumgartner/itsworking/collaborators{/collaborator}"],"teams_url":["https://api.github.com/repos/pmbaumgartner/itsworking/teams"],"hooks_url":["https://api.github.com/repos/pmbaumgartner/itsworking/hooks"],"issue_events_url":["https://api.github.com/repos/pmbaumgartner/itsworking/issues/events{/number}"],"events_url":["https://api.github.com/repos/pmbaumgartner/itsworking/events"],"assignees_url":["https://api.github.com/repos/pmbaumgartner/itsworking/assignees{/user}"],"branches_url":["https://api.github.com/repos/pmbaumgartner/itsworking/branches{/branch}"],"tags_url":["https://api.github.com/repos/pmbaumgartner/itsworking/tags"],"blobs_url":["https://api.github.com/repos/pmbaumgartner/itsworking/git/blobs{/sha}"],"git_tags_url":["https://api.github.com/repos/pmbaumgartner/itsworking/git/tags{/sha}"],"git_refs_url":["https://api.github.com/repos/pmbaumgartner/itsworking/git/refs{/sha}"],"trees_url":["https://api.github.com/repos/pmbaumgartner/itsworking/git/trees{/sha}"],"statuses_url":["https://api.github.com/repos/pmbaumgartner/itsworking/statuses/{sha}"],"languages_url":["https://api.github.com/repos/pmbaumgartner/itsworking/languages"],"stargazers_url":["https://api.github.com/repos/pmbaumgartner/itsworking/stargazers"],"contributors_url":["https://api.github.com/repos/pmbaumgartner/itsworking/contributors"],"subscribers_url":["https://api.github.com/repos/pmbaumgartner/itsworking/subscribers"],"subscription_url":["https://api.github.com/repos/pmbaumgartner/itsworking/subscription"],"commits_url":["https://api.github.com/repos/pmbaumgartner/itsworking/commits{/sha}"],"git_commits_url":["https://api.github.com/repos/pmbaumgartner/itsworking/git/commits{/sha}"],"comments_url":["https://api.github.com/repos/pmbaumgartner/itsworking/comments{/number}"],"issue_comment_url":["https://api.github.com/repos/pmbaumgartner/itsworking/issues/comments{/number}"],"contents_url":["https://api.github.com/repos/pmbaumgartner/itsworking/contents/{+path}"],"compare_url":["https://api.github.com/repos/pmbaumgartner/itsworking/compare/{base}...{head}"],"merges_url":["https://api.github.com/repos/pmbaumgartner/itsworking/merges"],"archive_url":["https://api.github.com/repos/pmbaumgartner/itsworking/{archive_format}{/ref}"],"downloads_url":["https://api.github.com/repos/pmbaumgartner/itsworking/downloads"],"issues_url":["https://api.github.com/repos/pmbaumgartner/itsworking/issues{/number}"],"pulls_url":["https://api.github.com/repos/pmbaumgartner/itsworking/pulls{/number}"],"milestones_url":["https://api.github.com/repos/pmbaumgartner/itsworking/milestones{/number}"],"notifications_url":["https://api.github.com/repos/pmbaumgartner/itsworking/notifications{?since,all,participating}"],"labels_url":["https://api.github.com/repos/pmbaumgartner/itsworking/labels{/name}"],"releases_url":["https://api.github.com/repos/pmbaumgartner/itsworking/releases{/id}"],"deployments_url":["https://api.github.com/repos/pmbaumgartner/itsworking/deployments"],"created_at":["2016-04-21T11:33:43Z"],"updated_at":["2016-04-21T11:34:34Z"],"pushed_at":["2016-04-23T14:23:15Z"],"git_url":["git://github.com/pmbaumgartner/itsworking.git"],"ssh_url":["git@github.com:pmbaumgartner/itsworking.git"],"clone_url":["https://github.com/pmbaumgartner/itsworking.git"],"svn_url":["https://github.com/pmbaumgartner/itsworking"],"homepage":{},"size":[4],"stargazers_count":[0],"watchers_count":[0],"language":["HTML"],"has_issues":[true],"has_projects":[true],"has_downloads":[true],"has_wiki":[true],"has_pages":[false],"forks_count":[0],"mirror_url":{},"archived":[false],"disabled":[false],"open_issues_count":[0],"license":{},"forks":[0],"open_issues":[0],"watchers":[0],"default_branch":["master"],"permissions":{"admin":[false],"push":[false],"pull":[true]}}
