{"id":[29828891],"node_id":["MDEwOlJlcG9zaXRvcnkyOTgyODg5MQ=="],"name":["LOST"],"full_name":["pmbaumgartner/LOST"],"private":[false],"owner":{"login":["pmbaumgartner"],"id":[5107405],"node_id":["MDQ6VXNlcjUxMDc0MDU="],"avatar_url":["https://avatars1.githubusercontent.com/u/5107405?v=4"],"gravatar_id":[""],"url":["https://api.github.com/users/pmbaumgartner"],"html_url":["https://github.com/pmbaumgartner"],"followers_url":["https://api.github.com/users/pmbaumgartner/followers"],"following_url":["https://api.github.com/users/pmbaumgartner/following{/other_user}"],"gists_url":["https://api.github.com/users/pmbaumgartner/gists{/gist_id}"],"starred_url":["https://api.github.com/users/pmbaumgartner/starred{/owner}{/repo}"],"subscriptions_url":["https://api.github.com/users/pmbaumgartner/subscriptions"],"organizations_url":["https://api.github.com/users/pmbaumgartner/orgs"],"repos_url":["https://api.github.com/users/pmbaumgartner/repos"],"events_url":["https://api.github.com/users/pmbaumgartner/events{/privacy}"],"received_events_url":["https://api.github.com/users/pmbaumgartner/received_events"],"type":["User"],"site_admin":[false]},"html_url":["https://github.com/pmbaumgartner/LOST"],"description":["Analysis of IMDB data for actors in LOST"],"fork":[false],"url":["https://api.github.com/repos/pmbaumgartner/LOST"],"forks_url":["https://api.github.com/repos/pmbaumgartner/LOST/forks"],"keys_url":["https://api.github.com/repos/pmbaumgartner/LOST/keys{/key_id}"],"collaborators_url":["https://api.github.com/repos/pmbaumgartner/LOST/collaborators{/collaborator}"],"teams_url":["https://api.github.com/repos/pmbaumgartner/LOST/teams"],"hooks_url":["https://api.github.com/repos/pmbaumgartner/LOST/hooks"],"issue_events_url":["https://api.github.com/repos/pmbaumgartner/LOST/issues/events{/number}"],"events_url":["https://api.github.com/repos/pmbaumgartner/LOST/events"],"assignees_url":["https://api.github.com/repos/pmbaumgartner/LOST/assignees{/user}"],"branches_url":["https://api.github.com/repos/pmbaumgartner/LOST/branches{/branch}"],"tags_url":["https://api.github.com/repos/pmbaumgartner/LOST/tags"],"blobs_url":["https://api.github.com/repos/pmbaumgartner/LOST/git/blobs{/sha}"],"git_tags_url":["https://api.github.com/repos/pmbaumgartner/LOST/git/tags{/sha}"],"git_refs_url":["https://api.github.com/repos/pmbaumgartner/LOST/git/refs{/sha}"],"trees_url":["https://api.github.com/repos/pmbaumgartner/LOST/git/trees{/sha}"],"statuses_url":["https://api.github.com/repos/pmbaumgartner/LOST/statuses/{sha}"],"languages_url":["https://api.github.com/repos/pmbaumgartner/LOST/languages"],"stargazers_url":["https://api.github.com/repos/pmbaumgartner/LOST/stargazers"],"contributors_url":["https://api.github.com/repos/pmbaumgartner/LOST/contributors"],"subscribers_url":["https://api.github.com/repos/pmbaumgartner/LOST/subscribers"],"subscription_url":["https://api.github.com/repos/pmbaumgartner/LOST/subscription"],"commits_url":["https://api.github.com/repos/pmbaumgartner/LOST/commits{/sha}"],"git_commits_url":["https://api.github.com/repos/pmbaumgartner/LOST/git/commits{/sha}"],"comments_url":["https://api.github.com/repos/pmbaumgartner/LOST/comments{/number}"],"issue_comment_url":["https://api.github.com/repos/pmbaumgartner/LOST/issues/comments{/number}"],"contents_url":["https://api.github.com/repos/pmbaumgartner/LOST/contents/{+path}"],"compare_url":["https://api.github.com/repos/pmbaumgartner/LOST/compare/{base}...{head}"],"merges_url":["https://api.github.com/repos/pmbaumgartner/LOST/merges"],"archive_url":["https://api.github.com/repos/pmbaumgartner/LOST/{archive_format}{/ref}"],"downloads_url":["https://api.github.com/repos/pmbaumgartner/LOST/downloads"],"issues_url":["https://api.github.com/repos/pmbaumgartner/LOST/issues{/number}"],"pulls_url":["https://api.github.com/repos/pmbaumgartner/LOST/pulls{/number}"],"milestones_url":["https://api.github.com/repos/pmbaumgartner/LOST/milestones{/number}"],"notifications_url":["https://api.github.com/repos/pmbaumgartner/LOST/notifications{?since,all,participating}"],"labels_url":["https://api.github.com/repos/pmbaumgartner/LOST/labels{/name}"],"releases_url":["https://api.github.com/repos/pmbaumgartner/LOST/releases{/id}"],"deployments_url":["https://api.github.com/repos/pmbaumgartner/LOST/deployments"],"created_at":["2015-01-25T20:07:32Z"],"updated_at":["2019-01-28T18:14:20Z"],"pushed_at":["2015-01-25T22:38:58Z"],"git_url":["git://github.com/pmbaumgartner/LOST.git"],"ssh_url":["git@github.com:pmbaumgartner/LOST.git"],"clone_url":["https://github.com/pmbaumgartner/LOST.git"],"svn_url":["https://github.com/pmbaumgartner/LOST"],"homepage":{},"size":[752],"stargazers_count":[1],"watchers_count":[1],"language":{},"has_issues":[true],"has_projects":[true],"has_downloads":[true],"has_wiki":[true],"has_pages":[false],"forks_count":[0],"mirror_url":{},"archived":[false],"disabled":[false],"open_issues_count":[0],"license":{},"forks":[0],"open_issues":[0],"watchers":[1],"default_branch":["master"],"permissions":{"admin":[false],"push":[false],"pull":[true]}}
