{"id":[128669590],"node_id":["MDEwOlJlcG9zaXRvcnkxMjg2Njk1OTA="],"name":["pmbaumgartner.github.io"],"full_name":["pmbaumgartner/pmbaumgartner.github.io"],"private":[false],"owner":{"login":["pmbaumgartner"],"id":[5107405],"node_id":["MDQ6VXNlcjUxMDc0MDU="],"avatar_url":["https://avatars1.githubusercontent.com/u/5107405?v=4"],"gravatar_id":[""],"url":["https://api.github.com/users/pmbaumgartner"],"html_url":["https://github.com/pmbaumgartner"],"followers_url":["https://api.github.com/users/pmbaumgartner/followers"],"following_url":["https://api.github.com/users/pmbaumgartner/following{/other_user}"],"gists_url":["https://api.github.com/users/pmbaumgartner/gists{/gist_id}"],"starred_url":["https://api.github.com/users/pmbaumgartner/starred{/owner}{/repo}"],"subscriptions_url":["https://api.github.com/users/pmbaumgartner/subscriptions"],"organizations_url":["https://api.github.com/users/pmbaumgartner/orgs"],"repos_url":["https://api.github.com/users/pmbaumgartner/repos"],"events_url":["https://api.github.com/users/pmbaumgartner/events{/privacy}"],"received_events_url":["https://api.github.com/users/pmbaumgartner/received_events"],"type":["User"],"site_admin":[false]},"html_url":["https://github.com/pmbaumgartner/pmbaumgartner.github.io"],"description":["Github Pages Site"],"fork":[false],"url":["https://api.github.com/repos/pmbaumgartner/pmbaumgartner.github.io"],"forks_url":["https://api.github.com/repos/pmbaumgartner/pmbaumgartner.github.io/forks"],"keys_url":["https://api.github.com/repos/pmbaumgartner/pmbaumgartner.github.io/keys{/key_id}"],"collaborators_url":["https://api.github.com/repos/pmbaumgartner/pmbaumgartner.github.io/collaborators{/collaborator}"],"teams_url":["https://api.github.com/repos/pmbaumgartner/pmbaumgartner.github.io/teams"],"hooks_url":["https://api.github.com/repos/pmbaumgartner/pmbaumgartner.github.io/hooks"],"issue_events_url":["https://api.github.com/repos/pmbaumgartner/pmbaumgartner.github.io/issues/events{/number}"],"events_url":["https://api.github.com/repos/pmbaumgartner/pmbaumgartner.github.io/events"],"assignees_url":["https://api.github.com/repos/pmbaumgartner/pmbaumgartner.github.io/assignees{/user}"],"branches_url":["https://api.github.com/repos/pmbaumgartner/pmbaumgartner.github.io/branches{/branch}"],"tags_url":["https://api.github.com/repos/pmbaumgartner/pmbaumgartner.github.io/tags"],"blobs_url":["https://api.github.com/repos/pmbaumgartner/pmbaumgartner.github.io/git/blobs{/sha}"],"git_tags_url":["https://api.github.com/repos/pmbaumgartner/pmbaumgartner.github.io/git/tags{/sha}"],"git_refs_url":["https://api.github.com/repos/pmbaumgartner/pmbaumgartner.github.io/git/refs{/sha}"],"trees_url":["https://api.github.com/repos/pmbaumgartner/pmbaumgartner.github.io/git/trees{/sha}"],"statuses_url":["https://api.github.com/repos/pmbaumgartner/pmbaumgartner.github.io/statuses/{sha}"],"languages_url":["https://api.github.com/repos/pmbaumgartner/pmbaumgartner.github.io/languages"],"stargazers_url":["https://api.github.com/repos/pmbaumgartner/pmbaumgartner.github.io/stargazers"],"contributors_url":["https://api.github.com/repos/pmbaumgartner/pmbaumgartner.github.io/contributors"],"subscribers_url":["https://api.github.com/repos/pmbaumgartner/pmbaumgartner.github.io/subscribers"],"subscription_url":["https://api.github.com/repos/pmbaumgartner/pmbaumgartner.github.io/subscription"],"commits_url":["https://api.github.com/repos/pmbaumgartner/pmbaumgartner.github.io/commits{/sha}"],"git_commits_url":["https://api.github.com/repos/pmbaumgartner/pmbaumgartner.github.io/git/commits{/sha}"],"comments_url":["https://api.github.com/repos/pmbaumgartner/pmbaumgartner.github.io/comments{/number}"],"issue_comment_url":["https://api.github.com/repos/pmbaumgartner/pmbaumgartner.github.io/issues/comments{/number}"],"contents_url":["https://api.github.com/repos/pmbaumgartner/pmbaumgartner.github.io/contents/{+path}"],"compare_url":["https://api.github.com/repos/pmbaumgartner/pmbaumgartner.github.io/compare/{base}...{head}"],"merges_url":["https://api.github.com/repos/pmbaumgartner/pmbaumgartner.github.io/merges"],"archive_url":["https://api.github.com/repos/pmbaumgartner/pmbaumgartner.github.io/{archive_format}{/ref}"],"downloads_url":["https://api.github.com/repos/pmbaumgartner/pmbaumgartner.github.io/downloads"],"issues_url":["https://api.github.com/repos/pmbaumgartner/pmbaumgartner.github.io/issues{/number}"],"pulls_url":["https://api.github.com/repos/pmbaumgartner/pmbaumgartner.github.io/pulls{/number}"],"milestones_url":["https://api.github.com/repos/pmbaumgartner/pmbaumgartner.github.io/milestones{/number}"],"notifications_url":["https://api.github.com/repos/pmbaumgartner/pmbaumgartner.github.io/notifications{?since,all,participating}"],"labels_url":["https://api.github.com/repos/pmbaumgartner/pmbaumgartner.github.io/labels{/name}"],"releases_url":["https://api.github.com/repos/pmbaumgartner/pmbaumgartner.github.io/releases{/id}"],"deployments_url":["https://api.github.com/repos/pmbaumgartner/pmbaumgartner.github.io/deployments"],"created_at":["2018-04-08T18:22:55Z"],"updated_at":["2019-03-23T18:23:10Z"],"pushed_at":["2019-03-23T18:23:08Z"],"git_url":["git://github.com/pmbaumgartner/pmbaumgartner.github.io.git"],"ssh_url":["git@github.com:pmbaumgartner/pmbaumgartner.github.io.git"],"clone_url":["https://github.com/pmbaumgartner/pmbaumgartner.github.io.git"],"svn_url":["https://github.com/pmbaumgartner/pmbaumgartner.github.io"],"homepage":{},"size":[4028],"stargazers_count":[0],"watchers_count":[0],"language":["HTML"],"has_issues":[true],"has_projects":[true],"has_downloads":[true],"has_wiki":[true],"has_pages":[true],"forks_count":[0],"mirror_url":{},"archived":[false],"disabled":[false],"open_issues_count":[0],"license":{},"forks":[0],"open_issues":[0],"watchers":[0],"default_branch":["master"],"permissions":{"admin":[false],"push":[false],"pull":[true]}}
