{"id":[39730895],"node_id":["MDEwOlJlcG9zaXRvcnkzOTczMDg5NQ=="],"name":["Python-for-SAS-Users"],"full_name":["pmbaumgartner/Python-for-SAS-Users"],"private":[false],"owner":{"login":["pmbaumgartner"],"id":[5107405],"node_id":["MDQ6VXNlcjUxMDc0MDU="],"avatar_url":["https://avatars1.githubusercontent.com/u/5107405?v=4"],"gravatar_id":[""],"url":["https://api.github.com/users/pmbaumgartner"],"html_url":["https://github.com/pmbaumgartner"],"followers_url":["https://api.github.com/users/pmbaumgartner/followers"],"following_url":["https://api.github.com/users/pmbaumgartner/following{/other_user}"],"gists_url":["https://api.github.com/users/pmbaumgartner/gists{/gist_id}"],"starred_url":["https://api.github.com/users/pmbaumgartner/starred{/owner}{/repo}"],"subscriptions_url":["https://api.github.com/users/pmbaumgartner/subscriptions"],"organizations_url":["https://api.github.com/users/pmbaumgartner/orgs"],"repos_url":["https://api.github.com/users/pmbaumgartner/repos"],"events_url":["https://api.github.com/users/pmbaumgartner/events{/privacy}"],"received_events_url":["https://api.github.com/users/pmbaumgartner/received_events"],"type":["User"],"site_admin":[false]},"html_url":["https://github.com/pmbaumgartner/Python-for-SAS-Users"],"description":["This repository contains several IPython Notebooks to help translate from the SAS statistical language to equivalents using Python libraries."],"fork":[false],"url":["https://api.github.com/repos/pmbaumgartner/Python-for-SAS-Users"],"forks_url":["https://api.github.com/repos/pmbaumgartner/Python-for-SAS-Users/forks"],"keys_url":["https://api.github.com/repos/pmbaumgartner/Python-for-SAS-Users/keys{/key_id}"],"collaborators_url":["https://api.github.com/repos/pmbaumgartner/Python-for-SAS-Users/collaborators{/collaborator}"],"teams_url":["https://api.github.com/repos/pmbaumgartner/Python-for-SAS-Users/teams"],"hooks_url":["https://api.github.com/repos/pmbaumgartner/Python-for-SAS-Users/hooks"],"issue_events_url":["https://api.github.com/repos/pmbaumgartner/Python-for-SAS-Users/issues/events{/number}"],"events_url":["https://api.github.com/repos/pmbaumgartner/Python-for-SAS-Users/events"],"assignees_url":["https://api.github.com/repos/pmbaumgartner/Python-for-SAS-Users/assignees{/user}"],"branches_url":["https://api.github.com/repos/pmbaumgartner/Python-for-SAS-Users/branches{/branch}"],"tags_url":["https://api.github.com/repos/pmbaumgartner/Python-for-SAS-Users/tags"],"blobs_url":["https://api.github.com/repos/pmbaumgartner/Python-for-SAS-Users/git/blobs{/sha}"],"git_tags_url":["https://api.github.com/repos/pmbaumgartner/Python-for-SAS-Users/git/tags{/sha}"],"git_refs_url":["https://api.github.com/repos/pmbaumgartner/Python-for-SAS-Users/git/refs{/sha}"],"trees_url":["https://api.github.com/repos/pmbaumgartner/Python-for-SAS-Users/git/trees{/sha}"],"statuses_url":["https://api.github.com/repos/pmbaumgartner/Python-for-SAS-Users/statuses/{sha}"],"languages_url":["https://api.github.com/repos/pmbaumgartner/Python-for-SAS-Users/languages"],"stargazers_url":["https://api.github.com/repos/pmbaumgartner/Python-for-SAS-Users/stargazers"],"contributors_url":["https://api.github.com/repos/pmbaumgartner/Python-for-SAS-Users/contributors"],"subscribers_url":["https://api.github.com/repos/pmbaumgartner/Python-for-SAS-Users/subscribers"],"subscription_url":["https://api.github.com/repos/pmbaumgartner/Python-for-SAS-Users/subscription"],"commits_url":["https://api.github.com/repos/pmbaumgartner/Python-for-SAS-Users/commits{/sha}"],"git_commits_url":["https://api.github.com/repos/pmbaumgartner/Python-for-SAS-Users/git/commits{/sha}"],"comments_url":["https://api.github.com/repos/pmbaumgartner/Python-for-SAS-Users/comments{/number}"],"issue_comment_url":["https://api.github.com/repos/pmbaumgartner/Python-for-SAS-Users/issues/comments{/number}"],"contents_url":["https://api.github.com/repos/pmbaumgartner/Python-for-SAS-Users/contents/{+path}"],"compare_url":["https://api.github.com/repos/pmbaumgartner/Python-for-SAS-Users/compare/{base}...{head}"],"merges_url":["https://api.github.com/repos/pmbaumgartner/Python-for-SAS-Users/merges"],"archive_url":["https://api.github.com/repos/pmbaumgartner/Python-for-SAS-Users/{archive_format}{/ref}"],"downloads_url":["https://api.github.com/repos/pmbaumgartner/Python-for-SAS-Users/downloads"],"issues_url":["https://api.github.com/repos/pmbaumgartner/Python-for-SAS-Users/issues{/number}"],"pulls_url":["https://api.github.com/repos/pmbaumgartner/Python-for-SAS-Users/pulls{/number}"],"milestones_url":["https://api.github.com/repos/pmbaumgartner/Python-for-SAS-Users/milestones{/number}"],"notifications_url":["https://api.github.com/repos/pmbaumgartner/Python-for-SAS-Users/notifications{?since,all,participating}"],"labels_url":["https://api.github.com/repos/pmbaumgartner/Python-for-SAS-Users/labels{/name}"],"releases_url":["https://api.github.com/repos/pmbaumgartner/Python-for-SAS-Users/releases{/id}"],"deployments_url":["https://api.github.com/repos/pmbaumgartner/Python-for-SAS-Users/deployments"],"created_at":["2015-07-26T15:45:30Z"],"updated_at":["2017-12-26T01:11:13Z"],"pushed_at":["2016-12-16T14:03:18Z"],"git_url":["git://github.com/pmbaumgartner/Python-for-SAS-Users.git"],"ssh_url":["git@github.com:pmbaumgartner/Python-for-SAS-Users.git"],"clone_url":["https://github.com/pmbaumgartner/Python-for-SAS-Users.git"],"svn_url":["https://github.com/pmbaumgartner/Python-for-SAS-Users"],"homepage":[""],"size":[110],"stargazers_count":[0],"watchers_count":[0],"language":["Jupyter Notebook"],"has_issues":[true],"has_projects":[true],"has_downloads":[true],"has_wiki":[true],"has_pages":[false],"forks_count":[3],"mirror_url":{},"archived":[false],"disabled":[false],"open_issues_count":[2],"license":{},"forks":[3],"open_issues":[2],"watchers":[0],"default_branch":["master"],"permissions":{"admin":[false],"push":[false],"pull":[true]}}
