{"id":[36953634],"node_id":["MDEwOlJlcG9zaXRvcnkzNjk1MzYzNA=="],"name":["python-tcxparser"],"full_name":["pmbaumgartner/python-tcxparser"],"private":[false],"owner":{"login":["pmbaumgartner"],"id":[5107405],"node_id":["MDQ6VXNlcjUxMDc0MDU="],"avatar_url":["https://avatars1.githubusercontent.com/u/5107405?v=4"],"gravatar_id":[""],"url":["https://api.github.com/users/pmbaumgartner"],"html_url":["https://github.com/pmbaumgartner"],"followers_url":["https://api.github.com/users/pmbaumgartner/followers"],"following_url":["https://api.github.com/users/pmbaumgartner/following{/other_user}"],"gists_url":["https://api.github.com/users/pmbaumgartner/gists{/gist_id}"],"starred_url":["https://api.github.com/users/pmbaumgartner/starred{/owner}{/repo}"],"subscriptions_url":["https://api.github.com/users/pmbaumgartner/subscriptions"],"organizations_url":["https://api.github.com/users/pmbaumgartner/orgs"],"repos_url":["https://api.github.com/users/pmbaumgartner/repos"],"events_url":["https://api.github.com/users/pmbaumgartner/events{/privacy}"],"received_events_url":["https://api.github.com/users/pmbaumgartner/received_events"],"type":["User"],"site_admin":[false]},"html_url":["https://github.com/pmbaumgartner/python-tcxparser"],"description":["Simple parser for Garmin TCX files"],"fork":[true],"url":["https://api.github.com/repos/pmbaumgartner/python-tcxparser"],"forks_url":["https://api.github.com/repos/pmbaumgartner/python-tcxparser/forks"],"keys_url":["https://api.github.com/repos/pmbaumgartner/python-tcxparser/keys{/key_id}"],"collaborators_url":["https://api.github.com/repos/pmbaumgartner/python-tcxparser/collaborators{/collaborator}"],"teams_url":["https://api.github.com/repos/pmbaumgartner/python-tcxparser/teams"],"hooks_url":["https://api.github.com/repos/pmbaumgartner/python-tcxparser/hooks"],"issue_events_url":["https://api.github.com/repos/pmbaumgartner/python-tcxparser/issues/events{/number}"],"events_url":["https://api.github.com/repos/pmbaumgartner/python-tcxparser/events"],"assignees_url":["https://api.github.com/repos/pmbaumgartner/python-tcxparser/assignees{/user}"],"branches_url":["https://api.github.com/repos/pmbaumgartner/python-tcxparser/branches{/branch}"],"tags_url":["https://api.github.com/repos/pmbaumgartner/python-tcxparser/tags"],"blobs_url":["https://api.github.com/repos/pmbaumgartner/python-tcxparser/git/blobs{/sha}"],"git_tags_url":["https://api.github.com/repos/pmbaumgartner/python-tcxparser/git/tags{/sha}"],"git_refs_url":["https://api.github.com/repos/pmbaumgartner/python-tcxparser/git/refs{/sha}"],"trees_url":["https://api.github.com/repos/pmbaumgartner/python-tcxparser/git/trees{/sha}"],"statuses_url":["https://api.github.com/repos/pmbaumgartner/python-tcxparser/statuses/{sha}"],"languages_url":["https://api.github.com/repos/pmbaumgartner/python-tcxparser/languages"],"stargazers_url":["https://api.github.com/repos/pmbaumgartner/python-tcxparser/stargazers"],"contributors_url":["https://api.github.com/repos/pmbaumgartner/python-tcxparser/contributors"],"subscribers_url":["https://api.github.com/repos/pmbaumgartner/python-tcxparser/subscribers"],"subscription_url":["https://api.github.com/repos/pmbaumgartner/python-tcxparser/subscription"],"commits_url":["https://api.github.com/repos/pmbaumgartner/python-tcxparser/commits{/sha}"],"git_commits_url":["https://api.github.com/repos/pmbaumgartner/python-tcxparser/git/commits{/sha}"],"comments_url":["https://api.github.com/repos/pmbaumgartner/python-tcxparser/comments{/number}"],"issue_comment_url":["https://api.github.com/repos/pmbaumgartner/python-tcxparser/issues/comments{/number}"],"contents_url":["https://api.github.com/repos/pmbaumgartner/python-tcxparser/contents/{+path}"],"compare_url":["https://api.github.com/repos/pmbaumgartner/python-tcxparser/compare/{base}...{head}"],"merges_url":["https://api.github.com/repos/pmbaumgartner/python-tcxparser/merges"],"archive_url":["https://api.github.com/repos/pmbaumgartner/python-tcxparser/{archive_format}{/ref}"],"downloads_url":["https://api.github.com/repos/pmbaumgartner/python-tcxparser/downloads"],"issues_url":["https://api.github.com/repos/pmbaumgartner/python-tcxparser/issues{/number}"],"pulls_url":["https://api.github.com/repos/pmbaumgartner/python-tcxparser/pulls{/number}"],"milestones_url":["https://api.github.com/repos/pmbaumgartner/python-tcxparser/milestones{/number}"],"notifications_url":["https://api.github.com/repos/pmbaumgartner/python-tcxparser/notifications{?since,all,participating}"],"labels_url":["https://api.github.com/repos/pmbaumgartner/python-tcxparser/labels{/name}"],"releases_url":["https://api.github.com/repos/pmbaumgartner/python-tcxparser/releases{/id}"],"deployments_url":["https://api.github.com/repos/pmbaumgartner/python-tcxparser/deployments"],"created_at":["2015-06-05T20:21:16Z"],"updated_at":["2015-06-05T20:21:16Z"],"pushed_at":["2014-12-29T02:13:47Z"],"git_url":["git://github.com/pmbaumgartner/python-tcxparser.git"],"ssh_url":["git@github.com:pmbaumgartner/python-tcxparser.git"],"clone_url":["https://github.com/pmbaumgartner/python-tcxparser.git"],"svn_url":["https://github.com/pmbaumgartner/python-tcxparser"],"homepage":{},"size":[145],"stargazers_count":[0],"watchers_count":[0],"language":["Python"],"has_issues":[false],"has_projects":[true],"has_downloads":[true],"has_wiki":[true],"has_pages":[false],"forks_count":[0],"mirror_url":{},"archived":[false],"disabled":[false],"open_issues_count":[0],"license":{"key":["bsd-2-clause"],"name":["BSD 2-Clause \"Simplified\" License"],"spdx_id":["BSD-2-Clause"],"url":["https://api.github.com/licenses/bsd-2-clause"],"node_id":["MDc6TGljZW5zZTQ="]},"forks":[0],"open_issues":[0],"watchers":[0],"default_branch":["master"],"permissions":{"admin":[false],"push":[false],"pull":[true]}}
