{"id":[49034788],"node_id":["MDEwOlJlcG9zaXRvcnk0OTAzNDc4OA=="],"name":["react-tutorial"],"full_name":["pmbaumgartner/react-tutorial"],"private":[false],"owner":{"login":["pmbaumgartner"],"id":[5107405],"node_id":["MDQ6VXNlcjUxMDc0MDU="],"avatar_url":["https://avatars1.githubusercontent.com/u/5107405?v=4"],"gravatar_id":[""],"url":["https://api.github.com/users/pmbaumgartner"],"html_url":["https://github.com/pmbaumgartner"],"followers_url":["https://api.github.com/users/pmbaumgartner/followers"],"following_url":["https://api.github.com/users/pmbaumgartner/following{/other_user}"],"gists_url":["https://api.github.com/users/pmbaumgartner/gists{/gist_id}"],"starred_url":["https://api.github.com/users/pmbaumgartner/starred{/owner}{/repo}"],"subscriptions_url":["https://api.github.com/users/pmbaumgartner/subscriptions"],"organizations_url":["https://api.github.com/users/pmbaumgartner/orgs"],"repos_url":["https://api.github.com/users/pmbaumgartner/repos"],"events_url":["https://api.github.com/users/pmbaumgartner/events{/privacy}"],"received_events_url":["https://api.github.com/users/pmbaumgartner/received_events"],"type":["User"],"site_admin":[false]},"html_url":["https://github.com/pmbaumgartner/react-tutorial"],"description":["Code from the React tutorial."],"fork":[true],"url":["https://api.github.com/repos/pmbaumgartner/react-tutorial"],"forks_url":["https://api.github.com/repos/pmbaumgartner/react-tutorial/forks"],"keys_url":["https://api.github.com/repos/pmbaumgartner/react-tutorial/keys{/key_id}"],"collaborators_url":["https://api.github.com/repos/pmbaumgartner/react-tutorial/collaborators{/collaborator}"],"teams_url":["https://api.github.com/repos/pmbaumgartner/react-tutorial/teams"],"hooks_url":["https://api.github.com/repos/pmbaumgartner/react-tutorial/hooks"],"issue_events_url":["https://api.github.com/repos/pmbaumgartner/react-tutorial/issues/events{/number}"],"events_url":["https://api.github.com/repos/pmbaumgartner/react-tutorial/events"],"assignees_url":["https://api.github.com/repos/pmbaumgartner/react-tutorial/assignees{/user}"],"branches_url":["https://api.github.com/repos/pmbaumgartner/react-tutorial/branches{/branch}"],"tags_url":["https://api.github.com/repos/pmbaumgartner/react-tutorial/tags"],"blobs_url":["https://api.github.com/repos/pmbaumgartner/react-tutorial/git/blobs{/sha}"],"git_tags_url":["https://api.github.com/repos/pmbaumgartner/react-tutorial/git/tags{/sha}"],"git_refs_url":["https://api.github.com/repos/pmbaumgartner/react-tutorial/git/refs{/sha}"],"trees_url":["https://api.github.com/repos/pmbaumgartner/react-tutorial/git/trees{/sha}"],"statuses_url":["https://api.github.com/repos/pmbaumgartner/react-tutorial/statuses/{sha}"],"languages_url":["https://api.github.com/repos/pmbaumgartner/react-tutorial/languages"],"stargazers_url":["https://api.github.com/repos/pmbaumgartner/react-tutorial/stargazers"],"contributors_url":["https://api.github.com/repos/pmbaumgartner/react-tutorial/contributors"],"subscribers_url":["https://api.github.com/repos/pmbaumgartner/react-tutorial/subscribers"],"subscription_url":["https://api.github.com/repos/pmbaumgartner/react-tutorial/subscription"],"commits_url":["https://api.github.com/repos/pmbaumgartner/react-tutorial/commits{/sha}"],"git_commits_url":["https://api.github.com/repos/pmbaumgartner/react-tutorial/git/commits{/sha}"],"comments_url":["https://api.github.com/repos/pmbaumgartner/react-tutorial/comments{/number}"],"issue_comment_url":["https://api.github.com/repos/pmbaumgartner/react-tutorial/issues/comments{/number}"],"contents_url":["https://api.github.com/repos/pmbaumgartner/react-tutorial/contents/{+path}"],"compare_url":["https://api.github.com/repos/pmbaumgartner/react-tutorial/compare/{base}...{head}"],"merges_url":["https://api.github.com/repos/pmbaumgartner/react-tutorial/merges"],"archive_url":["https://api.github.com/repos/pmbaumgartner/react-tutorial/{archive_format}{/ref}"],"downloads_url":["https://api.github.com/repos/pmbaumgartner/react-tutorial/downloads"],"issues_url":["https://api.github.com/repos/pmbaumgartner/react-tutorial/issues{/number}"],"pulls_url":["https://api.github.com/repos/pmbaumgartner/react-tutorial/pulls{/number}"],"milestones_url":["https://api.github.com/repos/pmbaumgartner/react-tutorial/milestones{/number}"],"notifications_url":["https://api.github.com/repos/pmbaumgartner/react-tutorial/notifications{?since,all,participating}"],"labels_url":["https://api.github.com/repos/pmbaumgartner/react-tutorial/labels{/name}"],"releases_url":["https://api.github.com/repos/pmbaumgartner/react-tutorial/releases{/id}"],"deployments_url":["https://api.github.com/repos/pmbaumgartner/react-tutorial/deployments"],"created_at":["2016-01-05T01:47:03Z"],"updated_at":["2016-01-05T01:47:04Z"],"pushed_at":["2015-12-19T15:24:55Z"],"git_url":["git://github.com/pmbaumgartner/react-tutorial.git"],"ssh_url":["git@github.com:pmbaumgartner/react-tutorial.git"],"clone_url":["https://github.com/pmbaumgartner/react-tutorial.git"],"svn_url":["https://github.com/pmbaumgartner/react-tutorial"],"homepage":["http://facebook.github.io/react/docs/tutorial.html"],"size":[308],"stargazers_count":[0],"watchers_count":[0],"language":["JavaScript"],"has_issues":[false],"has_projects":[true],"has_downloads":[true],"has_wiki":[true],"has_pages":[false],"forks_count":[0],"mirror_url":{},"archived":[false],"disabled":[false],"open_issues_count":[0],"license":{"key":["other"],"name":["Other"],"spdx_id":["NOASSERTION"],"url":{},"node_id":["MDc6TGljZW5zZTA="]},"forks":[0],"open_issues":[0],"watchers":[0],"default_branch":["master"],"permissions":{"admin":[false],"push":[false],"pull":[true]}}
