{"id":[48766428],"node_id":["MDEwOlJlcG9zaXRvcnk0ODc2NjQyOA=="],"name":["sentiment_classifier"],"full_name":["pmbaumgartner/sentiment_classifier"],"private":[false],"owner":{"login":["pmbaumgartner"],"id":[5107405],"node_id":["MDQ6VXNlcjUxMDc0MDU="],"avatar_url":["https://avatars1.githubusercontent.com/u/5107405?v=4"],"gravatar_id":[""],"url":["https://api.github.com/users/pmbaumgartner"],"html_url":["https://github.com/pmbaumgartner"],"followers_url":["https://api.github.com/users/pmbaumgartner/followers"],"following_url":["https://api.github.com/users/pmbaumgartner/following{/other_user}"],"gists_url":["https://api.github.com/users/pmbaumgartner/gists{/gist_id}"],"starred_url":["https://api.github.com/users/pmbaumgartner/starred{/owner}{/repo}"],"subscriptions_url":["https://api.github.com/users/pmbaumgartner/subscriptions"],"organizations_url":["https://api.github.com/users/pmbaumgartner/orgs"],"repos_url":["https://api.github.com/users/pmbaumgartner/repos"],"events_url":["https://api.github.com/users/pmbaumgartner/events{/privacy}"],"received_events_url":["https://api.github.com/users/pmbaumgartner/received_events"],"type":["User"],"site_admin":[false]},"html_url":["https://github.com/pmbaumgartner/sentiment_classifier"],"description":["Sentiment Classification using Word Sense Disambiguation"],"fork":[true],"url":["https://api.github.com/repos/pmbaumgartner/sentiment_classifier"],"forks_url":["https://api.github.com/repos/pmbaumgartner/sentiment_classifier/forks"],"keys_url":["https://api.github.com/repos/pmbaumgartner/sentiment_classifier/keys{/key_id}"],"collaborators_url":["https://api.github.com/repos/pmbaumgartner/sentiment_classifier/collaborators{/collaborator}"],"teams_url":["https://api.github.com/repos/pmbaumgartner/sentiment_classifier/teams"],"hooks_url":["https://api.github.com/repos/pmbaumgartner/sentiment_classifier/hooks"],"issue_events_url":["https://api.github.com/repos/pmbaumgartner/sentiment_classifier/issues/events{/number}"],"events_url":["https://api.github.com/repos/pmbaumgartner/sentiment_classifier/events"],"assignees_url":["https://api.github.com/repos/pmbaumgartner/sentiment_classifier/assignees{/user}"],"branches_url":["https://api.github.com/repos/pmbaumgartner/sentiment_classifier/branches{/branch}"],"tags_url":["https://api.github.com/repos/pmbaumgartner/sentiment_classifier/tags"],"blobs_url":["https://api.github.com/repos/pmbaumgartner/sentiment_classifier/git/blobs{/sha}"],"git_tags_url":["https://api.github.com/repos/pmbaumgartner/sentiment_classifier/git/tags{/sha}"],"git_refs_url":["https://api.github.com/repos/pmbaumgartner/sentiment_classifier/git/refs{/sha}"],"trees_url":["https://api.github.com/repos/pmbaumgartner/sentiment_classifier/git/trees{/sha}"],"statuses_url":["https://api.github.com/repos/pmbaumgartner/sentiment_classifier/statuses/{sha}"],"languages_url":["https://api.github.com/repos/pmbaumgartner/sentiment_classifier/languages"],"stargazers_url":["https://api.github.com/repos/pmbaumgartner/sentiment_classifier/stargazers"],"contributors_url":["https://api.github.com/repos/pmbaumgartner/sentiment_classifier/contributors"],"subscribers_url":["https://api.github.com/repos/pmbaumgartner/sentiment_classifier/subscribers"],"subscription_url":["https://api.github.com/repos/pmbaumgartner/sentiment_classifier/subscription"],"commits_url":["https://api.github.com/repos/pmbaumgartner/sentiment_classifier/commits{/sha}"],"git_commits_url":["https://api.github.com/repos/pmbaumgartner/sentiment_classifier/git/commits{/sha}"],"comments_url":["https://api.github.com/repos/pmbaumgartner/sentiment_classifier/comments{/number}"],"issue_comment_url":["https://api.github.com/repos/pmbaumgartner/sentiment_classifier/issues/comments{/number}"],"contents_url":["https://api.github.com/repos/pmbaumgartner/sentiment_classifier/contents/{+path}"],"compare_url":["https://api.github.com/repos/pmbaumgartner/sentiment_classifier/compare/{base}...{head}"],"merges_url":["https://api.github.com/repos/pmbaumgartner/sentiment_classifier/merges"],"archive_url":["https://api.github.com/repos/pmbaumgartner/sentiment_classifier/{archive_format}{/ref}"],"downloads_url":["https://api.github.com/repos/pmbaumgartner/sentiment_classifier/downloads"],"issues_url":["https://api.github.com/repos/pmbaumgartner/sentiment_classifier/issues{/number}"],"pulls_url":["https://api.github.com/repos/pmbaumgartner/sentiment_classifier/pulls{/number}"],"milestones_url":["https://api.github.com/repos/pmbaumgartner/sentiment_classifier/milestones{/number}"],"notifications_url":["https://api.github.com/repos/pmbaumgartner/sentiment_classifier/notifications{?since,all,participating}"],"labels_url":["https://api.github.com/repos/pmbaumgartner/sentiment_classifier/labels{/name}"],"releases_url":["https://api.github.com/repos/pmbaumgartner/sentiment_classifier/releases{/id}"],"deployments_url":["https://api.github.com/repos/pmbaumgartner/sentiment_classifier/deployments"],"created_at":["2015-12-29T20:45:26Z"],"updated_at":["2015-12-29T20:45:28Z"],"pushed_at":["2015-04-01T03:34:12Z"],"git_url":["git://github.com/pmbaumgartner/sentiment_classifier.git"],"ssh_url":["git@github.com:pmbaumgartner/sentiment_classifier.git"],"clone_url":["https://github.com/pmbaumgartner/sentiment_classifier.git"],"svn_url":["https://github.com/pmbaumgartner/sentiment_classifier"],"homepage":[""],"size":[25511],"stargazers_count":[0],"watchers_count":[0],"language":["OpenEdge ABL"],"has_issues":[false],"has_projects":[true],"has_downloads":[true],"has_wiki":[true],"has_pages":[false],"forks_count":[0],"mirror_url":{},"archived":[false],"disabled":[false],"open_issues_count":[0],"license":{"key":["other"],"name":["Other"],"spdx_id":["NOASSERTION"],"url":{},"node_id":["MDc6TGljZW5zZTA="]},"forks":[0],"open_issues":[0],"watchers":[0],"default_branch":["master"],"permissions":{"admin":[false],"push":[false],"pull":[true]}}
