{"id":[162125992],"node_id":["MDEwOlJlcG9zaXRvcnkxNjIxMjU5OTI="],"name":["syntax-speaker-prediction"],"full_name":["pmbaumgartner/syntax-speaker-prediction"],"private":[false],"owner":{"login":["pmbaumgartner"],"id":[5107405],"node_id":["MDQ6VXNlcjUxMDc0MDU="],"avatar_url":["https://avatars1.githubusercontent.com/u/5107405?v=4"],"gravatar_id":[""],"url":["https://api.github.com/users/pmbaumgartner"],"html_url":["https://github.com/pmbaumgartner"],"followers_url":["https://api.github.com/users/pmbaumgartner/followers"],"following_url":["https://api.github.com/users/pmbaumgartner/following{/other_user}"],"gists_url":["https://api.github.com/users/pmbaumgartner/gists{/gist_id}"],"starred_url":["https://api.github.com/users/pmbaumgartner/starred{/owner}{/repo}"],"subscriptions_url":["https://api.github.com/users/pmbaumgartner/subscriptions"],"organizations_url":["https://api.github.com/users/pmbaumgartner/orgs"],"repos_url":["https://api.github.com/users/pmbaumgartner/repos"],"events_url":["https://api.github.com/users/pmbaumgartner/events{/privacy}"],"received_events_url":["https://api.github.com/users/pmbaumgartner/received_events"],"type":["User"],"site_admin":[false]},"html_url":["https://github.com/pmbaumgartner/syntax-speaker-prediction"],"description":["The tastiest machine learning project "],"fork":[false],"url":["https://api.github.com/repos/pmbaumgartner/syntax-speaker-prediction"],"forks_url":["https://api.github.com/repos/pmbaumgartner/syntax-speaker-prediction/forks"],"keys_url":["https://api.github.com/repos/pmbaumgartner/syntax-speaker-prediction/keys{/key_id}"],"collaborators_url":["https://api.github.com/repos/pmbaumgartner/syntax-speaker-prediction/collaborators{/collaborator}"],"teams_url":["https://api.github.com/repos/pmbaumgartner/syntax-speaker-prediction/teams"],"hooks_url":["https://api.github.com/repos/pmbaumgartner/syntax-speaker-prediction/hooks"],"issue_events_url":["https://api.github.com/repos/pmbaumgartner/syntax-speaker-prediction/issues/events{/number}"],"events_url":["https://api.github.com/repos/pmbaumgartner/syntax-speaker-prediction/events"],"assignees_url":["https://api.github.com/repos/pmbaumgartner/syntax-speaker-prediction/assignees{/user}"],"branches_url":["https://api.github.com/repos/pmbaumgartner/syntax-speaker-prediction/branches{/branch}"],"tags_url":["https://api.github.com/repos/pmbaumgartner/syntax-speaker-prediction/tags"],"blobs_url":["https://api.github.com/repos/pmbaumgartner/syntax-speaker-prediction/git/blobs{/sha}"],"git_tags_url":["https://api.github.com/repos/pmbaumgartner/syntax-speaker-prediction/git/tags{/sha}"],"git_refs_url":["https://api.github.com/repos/pmbaumgartner/syntax-speaker-prediction/git/refs{/sha}"],"trees_url":["https://api.github.com/repos/pmbaumgartner/syntax-speaker-prediction/git/trees{/sha}"],"statuses_url":["https://api.github.com/repos/pmbaumgartner/syntax-speaker-prediction/statuses/{sha}"],"languages_url":["https://api.github.com/repos/pmbaumgartner/syntax-speaker-prediction/languages"],"stargazers_url":["https://api.github.com/repos/pmbaumgartner/syntax-speaker-prediction/stargazers"],"contributors_url":["https://api.github.com/repos/pmbaumgartner/syntax-speaker-prediction/contributors"],"subscribers_url":["https://api.github.com/repos/pmbaumgartner/syntax-speaker-prediction/subscribers"],"subscription_url":["https://api.github.com/repos/pmbaumgartner/syntax-speaker-prediction/subscription"],"commits_url":["https://api.github.com/repos/pmbaumgartner/syntax-speaker-prediction/commits{/sha}"],"git_commits_url":["https://api.github.com/repos/pmbaumgartner/syntax-speaker-prediction/git/commits{/sha}"],"comments_url":["https://api.github.com/repos/pmbaumgartner/syntax-speaker-prediction/comments{/number}"],"issue_comment_url":["https://api.github.com/repos/pmbaumgartner/syntax-speaker-prediction/issues/comments{/number}"],"contents_url":["https://api.github.com/repos/pmbaumgartner/syntax-speaker-prediction/contents/{+path}"],"compare_url":["https://api.github.com/repos/pmbaumgartner/syntax-speaker-prediction/compare/{base}...{head}"],"merges_url":["https://api.github.com/repos/pmbaumgartner/syntax-speaker-prediction/merges"],"archive_url":["https://api.github.com/repos/pmbaumgartner/syntax-speaker-prediction/{archive_format}{/ref}"],"downloads_url":["https://api.github.com/repos/pmbaumgartner/syntax-speaker-prediction/downloads"],"issues_url":["https://api.github.com/repos/pmbaumgartner/syntax-speaker-prediction/issues{/number}"],"pulls_url":["https://api.github.com/repos/pmbaumgartner/syntax-speaker-prediction/pulls{/number}"],"milestones_url":["https://api.github.com/repos/pmbaumgartner/syntax-speaker-prediction/milestones{/number}"],"notifications_url":["https://api.github.com/repos/pmbaumgartner/syntax-speaker-prediction/notifications{?since,all,participating}"],"labels_url":["https://api.github.com/repos/pmbaumgartner/syntax-speaker-prediction/labels{/name}"],"releases_url":["https://api.github.com/repos/pmbaumgartner/syntax-speaker-prediction/releases{/id}"],"deployments_url":["https://api.github.com/repos/pmbaumgartner/syntax-speaker-prediction/deployments"],"created_at":["2018-12-17T12:17:23Z"],"updated_at":["2019-01-25T11:04:33Z"],"pushed_at":["2018-12-17T12:42:32Z"],"git_url":["git://github.com/pmbaumgartner/syntax-speaker-prediction.git"],"ssh_url":["git@github.com:pmbaumgartner/syntax-speaker-prediction.git"],"clone_url":["https://github.com/pmbaumgartner/syntax-speaker-prediction.git"],"svn_url":["https://github.com/pmbaumgartner/syntax-speaker-prediction"],"homepage":{},"size":[11509],"stargazers_count":[32],"watchers_count":[32],"language":["Jupyter Notebook"],"has_issues":[true],"has_projects":[true],"has_downloads":[true],"has_wiki":[true],"has_pages":[false],"forks_count":[4],"mirror_url":{},"archived":[false],"disabled":[false],"open_issues_count":[0],"license":{},"forks":[4],"open_issues":[0],"watchers":[32],"default_branch":["master"],"permissions":{"admin":[false],"push":[false],"pull":[true]}}
