{"login":["jbelsky"],"id":[10765340],"node_id":["MDQ6VXNlcjEwNzY1MzQw"],"avatar_url":["https://avatars3.githubusercontent.com/u/10765340?v=4"],"gravatar_id":[""],"url":["https://api.github.com/users/jbelsky"],"html_url":["https://github.com/jbelsky"],"followers_url":["https://api.github.com/users/jbelsky/followers"],"following_url":["https://api.github.com/users/jbelsky/following{/other_user}"],"gists_url":["https://api.github.com/users/jbelsky/gists{/gist_id}"],"starred_url":["https://api.github.com/users/jbelsky/starred{/owner}{/repo}"],"subscriptions_url":["https://api.github.com/users/jbelsky/subscriptions"],"organizations_url":["https://api.github.com/users/jbelsky/orgs"],"repos_url":["https://api.github.com/users/jbelsky/repos"],"events_url":["https://api.github.com/users/jbelsky/events{/privacy}"],"received_events_url":["https://api.github.com/users/jbelsky/received_events"],"type":["User"],"site_admin":[false]}
