{"login":["radovankavicky"],"id":[11967712],"node_id":["MDQ6VXNlcjExOTY3NzEy"],"avatar_url":["https://avatars1.githubusercontent.com/u/11967712?v=4"],"gravatar_id":[""],"url":["https://api.github.com/users/radovankavicky"],"html_url":["https://github.com/radovankavicky"],"followers_url":["https://api.github.com/users/radovankavicky/followers"],"following_url":["https://api.github.com/users/radovankavicky/following{/other_user}"],"gists_url":["https://api.github.com/users/radovankavicky/gists{/gist_id}"],"starred_url":["https://api.github.com/users/radovankavicky/starred{/owner}{/repo}"],"subscriptions_url":["https://api.github.com/users/radovankavicky/subscriptions"],"organizations_url":["https://api.github.com/users/radovankavicky/orgs"],"repos_url":["https://api.github.com/users/radovankavicky/repos"],"events_url":["https://api.github.com/users/radovankavicky/events{/privacy}"],"received_events_url":["https://api.github.com/users/radovankavicky/received_events"],"type":["User"],"site_admin":[false]}
