{"login":["muzi-8"],"id":[19568663],"node_id":["MDQ6VXNlcjE5NTY4NjYz"],"avatar_url":["https://avatars2.githubusercontent.com/u/19568663?v=4"],"gravatar_id":[""],"url":["https://api.github.com/users/muzi-8"],"html_url":["https://github.com/muzi-8"],"followers_url":["https://api.github.com/users/muzi-8/followers"],"following_url":["https://api.github.com/users/muzi-8/following{/other_user}"],"gists_url":["https://api.github.com/users/muzi-8/gists{/gist_id}"],"starred_url":["https://api.github.com/users/muzi-8/starred{/owner}{/repo}"],"subscriptions_url":["https://api.github.com/users/muzi-8/subscriptions"],"organizations_url":["https://api.github.com/users/muzi-8/orgs"],"repos_url":["https://api.github.com/users/muzi-8/repos"],"events_url":["https://api.github.com/users/muzi-8/events{/privacy}"],"received_events_url":["https://api.github.com/users/muzi-8/received_events"],"type":["User"],"site_admin":[false]}
