{"login":["DanielGriffiths1182"],"id":[22121029],"node_id":["MDQ6VXNlcjIyMTIxMDI5"],"avatar_url":["https://avatars2.githubusercontent.com/u/22121029?v=4"],"gravatar_id":[""],"url":["https://api.github.com/users/DanielGriffiths1182"],"html_url":["https://github.com/DanielGriffiths1182"],"followers_url":["https://api.github.com/users/DanielGriffiths1182/followers"],"following_url":["https://api.github.com/users/DanielGriffiths1182/following{/other_user}"],"gists_url":["https://api.github.com/users/DanielGriffiths1182/gists{/gist_id}"],"starred_url":["https://api.github.com/users/DanielGriffiths1182/starred{/owner}{/repo}"],"subscriptions_url":["https://api.github.com/users/DanielGriffiths1182/subscriptions"],"organizations_url":["https://api.github.com/users/DanielGriffiths1182/orgs"],"repos_url":["https://api.github.com/users/DanielGriffiths1182/repos"],"events_url":["https://api.github.com/users/DanielGriffiths1182/events{/privacy}"],"received_events_url":["https://api.github.com/users/DanielGriffiths1182/received_events"],"type":["User"],"site_admin":[false]}
