{"login":["trfore"],"id":[2709136],"node_id":["MDQ6VXNlcjI3MDkxMzY="],"avatar_url":["https://avatars2.githubusercontent.com/u/2709136?v=4"],"gravatar_id":[""],"url":["https://api.github.com/users/trfore"],"html_url":["https://github.com/trfore"],"followers_url":["https://api.github.com/users/trfore/followers"],"following_url":["https://api.github.com/users/trfore/following{/other_user}"],"gists_url":["https://api.github.com/users/trfore/gists{/gist_id}"],"starred_url":["https://api.github.com/users/trfore/starred{/owner}{/repo}"],"subscriptions_url":["https://api.github.com/users/trfore/subscriptions"],"organizations_url":["https://api.github.com/users/trfore/orgs"],"repos_url":["https://api.github.com/users/trfore/repos"],"events_url":["https://api.github.com/users/trfore/events{/privacy}"],"received_events_url":["https://api.github.com/users/trfore/received_events"],"type":["User"],"site_admin":[false]}
