{"login":["accrouch"],"id":[32843536],"node_id":["MDQ6VXNlcjMyODQzNTM2"],"avatar_url":["https://avatars3.githubusercontent.com/u/32843536?v=4"],"gravatar_id":[""],"url":["https://api.github.com/users/accrouch"],"html_url":["https://github.com/accrouch"],"followers_url":["https://api.github.com/users/accrouch/followers"],"following_url":["https://api.github.com/users/accrouch/following{/other_user}"],"gists_url":["https://api.github.com/users/accrouch/gists{/gist_id}"],"starred_url":["https://api.github.com/users/accrouch/starred{/owner}{/repo}"],"subscriptions_url":["https://api.github.com/users/accrouch/subscriptions"],"organizations_url":["https://api.github.com/users/accrouch/orgs"],"repos_url":["https://api.github.com/users/accrouch/repos"],"events_url":["https://api.github.com/users/accrouch/events{/privacy}"],"received_events_url":["https://api.github.com/users/accrouch/received_events"],"type":["User"],"site_admin":[false]}
