{"login":["lukashalim"],"id":[3291556],"node_id":["MDQ6VXNlcjMyOTE1NTY="],"avatar_url":["https://avatars2.githubusercontent.com/u/3291556?v=4"],"gravatar_id":[""],"url":["https://api.github.com/users/lukashalim"],"html_url":["https://github.com/lukashalim"],"followers_url":["https://api.github.com/users/lukashalim/followers"],"following_url":["https://api.github.com/users/lukashalim/following{/other_user}"],"gists_url":["https://api.github.com/users/lukashalim/gists{/gist_id}"],"starred_url":["https://api.github.com/users/lukashalim/starred{/owner}{/repo}"],"subscriptions_url":["https://api.github.com/users/lukashalim/subscriptions"],"organizations_url":["https://api.github.com/users/lukashalim/orgs"],"repos_url":["https://api.github.com/users/lukashalim/repos"],"events_url":["https://api.github.com/users/lukashalim/events{/privacy}"],"received_events_url":["https://api.github.com/users/lukashalim/received_events"],"type":["User"],"site_admin":[false]}
