{"login":["adi151294"],"id":[38599259],"node_id":["MDQ6VXNlcjM4NTk5MjU5"],"avatar_url":["https://avatars2.githubusercontent.com/u/38599259?v=4"],"gravatar_id":[""],"url":["https://api.github.com/users/adi151294"],"html_url":["https://github.com/adi151294"],"followers_url":["https://api.github.com/users/adi151294/followers"],"following_url":["https://api.github.com/users/adi151294/following{/other_user}"],"gists_url":["https://api.github.com/users/adi151294/gists{/gist_id}"],"starred_url":["https://api.github.com/users/adi151294/starred{/owner}{/repo}"],"subscriptions_url":["https://api.github.com/users/adi151294/subscriptions"],"organizations_url":["https://api.github.com/users/adi151294/orgs"],"repos_url":["https://api.github.com/users/adi151294/repos"],"events_url":["https://api.github.com/users/adi151294/events{/privacy}"],"received_events_url":["https://api.github.com/users/adi151294/received_events"],"type":["User"],"site_admin":[false]}
