{"login":["thommiano"],"id":[7226192],"node_id":["MDQ6VXNlcjcyMjYxOTI="],"avatar_url":["https://avatars0.githubusercontent.com/u/7226192?v=4"],"gravatar_id":[""],"url":["https://api.github.com/users/thommiano"],"html_url":["https://github.com/thommiano"],"followers_url":["https://api.github.com/users/thommiano/followers"],"following_url":["https://api.github.com/users/thommiano/following{/other_user}"],"gists_url":["https://api.github.com/users/thommiano/gists{/gist_id}"],"starred_url":["https://api.github.com/users/thommiano/starred{/owner}{/repo}"],"subscriptions_url":["https://api.github.com/users/thommiano/subscriptions"],"organizations_url":["https://api.github.com/users/thommiano/orgs"],"repos_url":["https://api.github.com/users/thommiano/repos"],"events_url":["https://api.github.com/users/thommiano/events{/privacy}"],"received_events_url":["https://api.github.com/users/thommiano/received_events"],"type":["User"],"site_admin":[false]}
