{"login":["sjcobb"],"id":[9369625],"node_id":["MDQ6VXNlcjkzNjk2MjU="],"avatar_url":["https://avatars1.githubusercontent.com/u/9369625?v=4"],"gravatar_id":[""],"url":["https://api.github.com/users/sjcobb"],"html_url":["https://github.com/sjcobb"],"followers_url":["https://api.github.com/users/sjcobb/followers"],"following_url":["https://api.github.com/users/sjcobb/following{/other_user}"],"gists_url":["https://api.github.com/users/sjcobb/gists{/gist_id}"],"starred_url":["https://api.github.com/users/sjcobb/starred{/owner}{/repo}"],"subscriptions_url":["https://api.github.com/users/sjcobb/subscriptions"],"organizations_url":["https://api.github.com/users/sjcobb/orgs"],"repos_url":["https://api.github.com/users/sjcobb/repos"],"events_url":["https://api.github.com/users/sjcobb/events{/privacy}"],"received_events_url":["https://api.github.com/users/sjcobb/received_events"],"type":["User"],"site_admin":[false]}
